"","iso","year","matmor","infmor","neomor","un5mor","earthquake","drought","deaths","conflict","conflict_lag"
"1","AFG",2000,1450,90.5,60.9,129.2,0,1,5394,1,1
"2","AFG",2001,1390,87.9,59.7,125.2,1,0,5553,1,1
"3","AFG",2001,1390,87.9,59.7,125.2,1,0,5553,1,1
"4","AFG",2002,1300,85.3,58.5,121.1,1,0,1157,1,1
"5","AFG",2002,1300,85.3,58.5,121.1,1,0,1157,1,1
"6","AFG",2002,1300,85.3,58.5,121.1,1,0,1157,1,1
"7","AFG",2003,1240,82.7,57.2,116.9,1,0,944,1,1
"8","AFG",2004,1180,80,55.9,112.6,1,0,817,1,1
"9","AFG",2005,1140,77.3,54.6,108.4,1,0,1711,1,1
"10","AFG",2005,1140,77.3,54.6,108.4,1,0,1711,1,1
"11","AFG",2006,1120,74.6,53.2,104.1,1,0,4982,1,1
"12","AFG",2006,1120,74.6,53.2,104.1,0,1,4982,1,1
"13","AFG",2007,1090,71.9,51.7,99.9,NA,NA,7020,1,1
"14","AFG",2008,1030,69.2,50.3,95.7,0,1,5660,1,1
"15","AFG",2009,993,66.7,48.9,91.7,1,0,6499,1,1
"16","AFG",2010,954,64.2,47.4,87.8,1,0,7151,1,1
"17","AFG",2011,905,61.8,46,84,0,1,7563,1,1
"18","AFG",2012,858,59.5,44.6,80.3,1,0,7824,1,1
"19","AFG",2013,810,57.3,43.2,76.9,1,0,8131,1,1
"20","AFG",2014,786,55.2,41.9,73.6,NA,NA,12549,1,1
"21","AFG",2015,701,53.2,40.5,70.4,1,0,17987,1,1
"22","AFG",2015,701,53.2,40.5,70.4,1,0,17987,1,1
"23","AFG",2016,673,51.3,39.3,67.5,NA,NA,18719,1,1
"24","AFG",2017,638,49.5,38.2,64.8,NA,NA,19776,1,1
"25","AFG",2018,NA,47.9,37.2,62.3,0,1,26889,1,1
"26","AFG",2019,NA,46.4,36.1,60.1,NA,NA,NA,NA,NA
"27","AGO",2000,827,121.5,50.3,204.4,NA,NA,1206,1,1
"28","AGO",2001,766,118.2,49.2,198.4,0,1,2154,1,1
"29","AGO",2002,690,114.5,48,191.5,NA,NA,579,1,1
"30","AGO",2003,628,110.4,46.5,183.8,NA,NA,84,1,1
"31","AGO",2004,574,105.7,45.1,175.1,0,1,38,1,1
"32","AGO",2005,519,100.9,43.5,166.1,NA,NA,15,0,1
"33","AGO",2006,473,95.7,42,156.4,NA,NA,3,0,0
"34","AGO",2007,431,90.6,40.5,147,NA,NA,26,1,0
"35","AGO",2008,395,85.5,39,137.7,NA,NA,4,0,1
"36","AGO",2009,359,80.6,37.7,128.7,NA,NA,25,1,0
"37","AGO",2010,326,75.9,36.3,120.4,NA,NA,10,0,1
"38","AGO",2011,300,71.5,35.1,112.5,NA,NA,1,0,0
"39","AGO",2012,281,67.4,33.8,105.1,0,1,0,0,0
"40","AGO",2013,269,63.7,32.7,98.5,NA,NA,2,0,0
"41","AGO",2014,258,60.5,31.7,92.9,NA,NA,0,0,0
"42","AGO",2015,251,57.7,30.8,88.1,NA,NA,1,0,0
"43","AGO",2016,246,55.5,30,84.1,NA,NA,26,1,0
"44","AGO",2017,241,53.5,29.2,80.6,0,1,26,1,1
"45","AGO",2018,NA,51.7,28.6,77.3,NA,NA,24,0,1
"46","AGO",2019,NA,49.9,27.9,74.2,NA,NA,NA,NA,NA
"47","ALB",2000,23,24.1,12.1,27.2,NA,NA,0,0,0
"48","ALB",2001,23,22.9,11.8,25.8,NA,NA,0,0,0
"49","ALB",2002,21,21.7,11.4,24.4,NA,NA,0,0,0
"50","ALB",2003,21,20.4,11.1,23,NA,NA,0,0,0
"51","ALB",2004,18,19.1,10.9,21.5,NA,NA,0,0,0
"52","ALB",2005,22,17.8,10.6,20,NA,NA,0,0,0
"53","ALB",2006,18,16.6,10,18.5,NA,NA,0,0,0
"54","ALB",2007,19,15.3,9.2,17.1,NA,NA,0,0,0
"55","ALB",2008,20,14.1,8.3,15.8,NA,NA,0,0,0
"56","ALB",2009,20,12.9,7.4,14.5,1,0,0,0,0
"57","ALB",2010,21,11.8,6.7,13.3,NA,NA,0,0,0
"58","ALB",2011,22,10.8,6.2,12.1,NA,NA,0,0,0
"59","ALB",2012,17,10,6,11.2,NA,NA,0,0,0
"60","ALB",2013,16,9.3,5.9,10.4,NA,NA,0,0,0
"61","ALB",2014,16,8.8,5.9,9.9,NA,NA,0,0,0
"62","ALB",2015,15,8.5,6,9.6,NA,NA,0,0,0
"63","ALB",2016,16,8.4,6.3,9.4,NA,NA,0,0,0
"64","ALB",2017,15,8.4,6.7,9.4,NA,NA,0,0,0
"65","ALB",2018,NA,8.5,7.1,9.5,NA,NA,0,0,0
"66","ALB",2019,NA,8.6,7.5,9.7,1,0,NA,NA,NA
"67","ALB",2019,NA,8.6,7.5,9.7,1,0,NA,NA,NA
"68","ALB",2019,NA,8.6,7.5,9.7,1,0,NA,NA,NA
"69","AND",2000,NA,7.3,3.8,8.2,NA,NA,0,0,0
"70","AND",2001,NA,6.9,3.6,7.7,NA,NA,0,0,0
"71","AND",2002,NA,6.5,3.3,7.3,NA,NA,0,0,0
"72","AND",2003,NA,6.2,3.2,6.9,NA,NA,0,0,0
"73","AND",2004,NA,5.9,3,6.5,NA,NA,0,0,0
"74","AND",2005,NA,5.6,2.9,6.1,NA,NA,0,0,0
"75","AND",2006,NA,5.3,2.7,5.8,NA,NA,0,0,0
"76","AND",2007,NA,5,2.6,5.4,NA,NA,0,0,0
"77","AND",2008,NA,4.7,2.5,5.1,NA,NA,0,0,0
"78","AND",2009,NA,4.4,2.3,4.8,NA,NA,0,0,0
"79","AND",2010,NA,4.1,2.2,4.5,NA,NA,0,0,0
"80","AND",2011,NA,3.9,2.1,4.2,NA,NA,0,0,0
"81","AND",2012,NA,3.7,2,4,NA,NA,0,0,0
"82","AND",2013,NA,3.5,1.9,3.8,NA,NA,0,0,0
"83","AND",2014,NA,3.3,1.8,3.5,NA,NA,0,0,0
"84","AND",2015,NA,3.1,1.7,3.3,NA,NA,0,0,0
"85","AND",2016,NA,2.9,1.6,3.2,NA,NA,0,0,0
"86","AND",2017,NA,2.8,1.5,3,NA,NA,0,0,0
"87","AND",2018,NA,2.6,1.4,2.8,NA,NA,0,0,0
"88","AND",2019,NA,2.5,1.4,2.7,NA,NA,NA,NA,NA
"89","ARE",2000,6,9.6,5.9,11.1,NA,NA,0,0,0
"90","ARE",2001,6,9.3,5.7,10.9,NA,NA,0,0,0
"91","ARE",2002,5,9.1,5.6,10.6,NA,NA,0,0,0
"92","ARE",2003,5,8.9,5.5,10.3,NA,NA,0,0,0
"93","ARE",2004,5,8.6,5.3,10.1,NA,NA,0,0,0
"94","ARE",2005,5,8.4,5.2,9.8,NA,NA,0,0,0
"95","ARE",2006,4,8.2,5.1,9.6,NA,NA,0,0,0
"96","ARE",2007,4,8.1,5,9.4,NA,NA,0,0,0
"97","ARE",2008,4,7.9,4.9,9.2,NA,NA,0,0,0
"98","ARE",2009,4,7.6,4.8,8.9,NA,NA,0,0,0
"99","ARE",2010,4,7.4,4.6,8.7,NA,NA,1,0,0
"100","ARE",2011,4,7.2,4.5,8.4,NA,NA,0,0,0
"101","ARE",2012,4,7,4.4,8.2,NA,NA,0,0,0
"102","ARE",2013,3,6.8,4.3,8,NA,NA,0,0,0
"103","ARE",2014,3,6.7,4.2,7.8,NA,NA,0,0,0
"104","ARE",2015,3,6.5,4.1,7.6,NA,NA,0,0,0
"105","ARE",2016,3,6.3,4,7.4,NA,NA,0,0,0
"106","ARE",2017,3,6.2,3.9,7.2,NA,NA,0,0,0
"107","ARE",2018,NA,6,3.8,7,NA,NA,0,0,0
"108","ARE",2019,NA,5.8,3.7,6.8,NA,NA,NA,NA,NA
"109","ARG",2000,66,17.5,11,19.6,NA,NA,0,0,0
"110","ARG",2001,67,16.9,11,18.9,NA,NA,0,0,0
"111","ARG",2002,65,16.4,10.8,18.3,1,0,0,0,0
"112","ARG",2003,65,15.8,10.3,17.7,0,1,0,0,0
"113","ARG",2004,61,15.3,9.7,17.1,NA,NA,0,0,0
"114","ARG",2005,59,14.8,9.1,16.5,NA,NA,0,0,0
"115","ARG",2006,57,14.4,8.7,16.1,NA,NA,0,0,0
"116","ARG",2007,56,14,8.4,15.7,NA,NA,0,0,0
"117","ARG",2008,53,13.7,8.1,15.3,NA,NA,0,0,0
"118","ARG",2009,56,13.3,7.8,14.9,0,1,0,0,0
"119","ARG",2010,51,12.9,7.6,14.5,NA,NA,0,0,0
"120","ARG",2011,48,12.4,7.5,13.9,NA,NA,0,0,0
"121","ARG",2012,47,11.9,7.6,13.3,NA,NA,0,0,0
"122","ARG",2013,44,11.3,7.4,12.7,NA,NA,0,0,0
"123","ARG",2014,42,10.8,6.9,12.1,NA,NA,0,0,0
"124","ARG",2015,41,10.2,6.5,11.5,NA,NA,0,0,0
"125","ARG",2016,40,9.7,6.4,10.9,NA,NA,0,0,0
"126","ARG",2017,39,9.2,6.3,10.3,NA,NA,0,0,0
"127","ARG",2018,NA,8.6,6,9.7,0,1,0,0,0
"128","ARG",2019,NA,8.1,5.3,9.1,0,1,NA,NA,NA
"129","ARM",2000,43,27,16.1,30.6,0,1,0,0,0
"130","ARM",2001,42,25.7,15.3,29.1,NA,NA,0,0,0
"131","ARM",2002,39,24.5,14.5,27.7,NA,NA,0,0,0
"132","ARM",2003,38,23.3,13.8,26.3,NA,NA,0,0,0
"133","ARM",2004,36,22.2,13.1,25,NA,NA,0,0,0
"134","ARM",2005,35,21.1,12.5,23.7,NA,NA,1,0,0
"135","ARM",2006,36,20,11.9,22.5,NA,NA,2,0,0
"136","ARM",2007,32,19,11.3,21.4,NA,NA,0,0,0
"137","ARM",2008,36,18.1,10.7,20.3,NA,NA,0,0,0
"138","ARM",2009,32,17.2,10.1,19.2,NA,NA,0,0,0
"139","ARM",2010,32,16.3,9.6,18.3,NA,NA,0,0,0
"140","ARM",2011,30,15.5,9.1,17.3,NA,NA,0,0,0
"141","ARM",2012,30,14.7,8.7,16.4,NA,NA,9,0,0
"142","ARM",2013,26,14,8.2,15.6,NA,NA,1,0,0
"143","ARM",2014,27,13.3,7.8,14.8,NA,NA,0,0,0
"144","ARM",2015,28,12.6,7.4,14.1,NA,NA,16,0,0
"145","ARM",2016,26,12,7,13.4,NA,NA,4,0,0
"146","ARM",2017,26,11.3,6.7,12.7,NA,NA,0,0,0
"147","ARM",2018,NA,10.8,6.4,12.1,NA,NA,1,0,0
"148","ARM",2019,NA,10.2,6,11.5,NA,NA,NA,NA,NA
"149","ATG",2000,44,12.6,9.7,15.5,NA,NA,0,0,0
"150","ATG",2001,44,12.3,9.5,15.1,NA,NA,0,0,0
"151","ATG",2002,43,11.9,9.3,14.6,NA,NA,0,0,0
"152","ATG",2003,44,11.5,8.9,14.1,NA,NA,0,0,0
"153","ATG",2004,41,11,8.6,13.5,NA,NA,0,0,0
"154","ATG",2005,40,10.6,8.2,12.9,NA,NA,0,0,0
"155","ATG",2006,46,10.1,7.7,12.3,NA,NA,0,0,0
"156","ATG",2007,48,9.6,7.3,11.7,NA,NA,0,0,0
"157","ATG",2008,50,9.2,6.8,11.1,NA,NA,0,0,0
"158","ATG",2009,45,8.7,6.3,10.6,NA,NA,0,0,0
"159","ATG",2010,44,8.3,5.8,10,NA,NA,0,0,0
"160","ATG",2011,43,7.9,5.4,9.5,NA,NA,0,0,0
"161","ATG",2012,44,7.5,5.1,9,NA,NA,0,0,0
"162","ATG",2013,43,7.1,4.7,8.5,NA,NA,0,0,0
"163","ATG",2014,42,6.8,4.5,8.1,NA,NA,0,0,0
"164","ATG",2015,43,6.5,4.2,7.8,NA,NA,0,0,0
"165","ATG",2016,43,6.2,4.1,7.4,NA,NA,0,0,0
"166","ATG",2017,42,6,3.9,7.1,NA,NA,0,0,0
"167","ATG",2018,NA,5.8,3.8,6.9,NA,NA,0,0,0
"168","ATG",2019,NA,5.6,3.6,6.6,NA,NA,NA,NA,NA
"169","AUS",2000,7,5.1,3.5,6.2,NA,NA,0,0,0
"170","AUS",2001,6,5,3.5,6.1,NA,NA,0,0,0
"171","AUS",2002,6,5,3.4,6,0,1,0,0,0
"172","AUS",2003,6,4.9,3.4,5.9,NA,NA,0,0,0
"173","AUS",2004,5,4.8,3.3,5.8,NA,NA,0,0,0
"174","AUS",2005,5,4.8,3.2,5.7,NA,NA,0,0,0
"175","AUS",2006,5,4.7,3.1,5.6,0,1,0,0,0
"176","AUS",2007,5,4.5,3,5.4,NA,NA,0,0,0
"177","AUS",2008,5,4.4,2.9,5.2,NA,NA,0,0,0
"178","AUS",2009,5,4.2,2.8,5,NA,NA,0,0,0
"179","AUS",2010,5,4,2.7,4.8,NA,NA,0,0,0
"180","AUS",2011,6,3.8,2.6,4.5,NA,NA,0,0,0
"181","AUS",2012,6,3.6,2.5,4.3,NA,NA,0,0,0
"182","AUS",2013,6,3.5,2.4,4.1,NA,NA,0,0,0
"183","AUS",2014,6,3.4,2.4,4,NA,NA,0,0,0
"184","AUS",2015,6,3.3,2.3,3.9,NA,NA,0,0,0
"185","AUS",2016,6,3.2,2.3,3.8,NA,NA,0,0,0
"186","AUS",2017,6,3.2,2.3,3.8,NA,NA,0,0,0
"187","AUS",2018,NA,3.2,2.3,3.7,0,1,2,0,0
"188","AUS",2019,NA,3.2,2.4,3.7,NA,NA,NA,NA,NA
"189","AUT",2000,6,4.6,3.1,5.5,NA,NA,0,0,0
"190","AUT",2001,6,4.5,3.1,5.4,NA,NA,0,0,0
"191","AUT",2002,6,4.4,3.1,5.3,NA,NA,0,0,0
"192","AUT",2003,6,4.3,3,5.2,NA,NA,0,0,0
"193","AUT",2004,5,4.2,2.9,5.1,NA,NA,0,0,0
"194","AUT",2005,6,4.1,2.8,4.9,NA,NA,0,0,0
"195","AUT",2006,5,3.9,2.8,4.7,NA,NA,0,0,0
"196","AUT",2007,5,3.8,2.7,4.6,NA,NA,0,0,0
"197","AUT",2008,5,3.8,2.6,4.5,NA,NA,0,0,0
"198","AUT",2009,5,3.7,2.6,4.5,NA,NA,0,0,0
"199","AUT",2010,5,3.6,2.5,4.3,NA,NA,0,0,0
"200","AUT",2011,5,3.5,2.4,4.2,NA,NA,0,0,0
"201","AUT",2012,5,3.3,2.4,4,NA,NA,0,0,0
"202","AUT",2013,5,3.2,2.3,3.9,NA,NA,0,0,0
"203","AUT",2014,5,3.1,2.3,3.8,NA,NA,0,0,0
"204","AUT",2015,5,3,2.2,3.7,NA,NA,0,0,0
"205","AUT",2016,5,3,2.2,3.6,NA,NA,0,0,0
"206","AUT",2017,5,2.9,2.2,3.6,NA,NA,0,0,0
"207","AUT",2018,NA,2.9,2.2,3.6,NA,NA,0,0,0
"208","AUT",2019,NA,2.9,2.3,3.6,NA,NA,NA,NA,NA
"209","AZE",2000,47,60.9,34.3,74.4,1,0,13,0,0
"210","AZE",2000,47,60.9,34.3,74.4,0,1,13,0,0
"211","AZE",2001,44,57.2,32.8,69.3,NA,NA,6,0,0
"212","AZE",2002,43,53.5,31.3,64.3,NA,NA,0,0,0
"213","AZE",2003,44,50.1,29.8,59.7,NA,NA,0,0,0
"214","AZE",2004,39,47,28.3,55.6,NA,NA,8,0,0
"215","AZE",2005,42,44.1,26.8,51.9,NA,NA,24,0,0
"216","AZE",2006,35,41.5,25.5,48.6,NA,NA,5,0,0
"217","AZE",2007,34,39.1,24.1,45.5,NA,NA,12,0,0
"218","AZE",2008,32,36.8,22.8,42.7,NA,NA,30,1,0
"219","AZE",2009,32,34.7,21.6,39.9,NA,NA,7,0,1
"220","AZE",2010,31,32.5,20.3,37.3,NA,NA,20,0,0
"221","AZE",2011,30,30.5,18.8,34.9,NA,NA,21,0,0
"222","AZE",2012,29,28.5,17.3,32.5,1,0,16,0,0
"223","AZE",2012,29,28.5,17.3,32.5,1,0,16,0,0
"224","AZE",2013,28,26.7,16,30.3,NA,NA,11,0,0
"225","AZE",2014,28,24.9,14.7,28.2,NA,NA,46,1,0
"226","AZE",2015,27,23.3,13.5,26.3,NA,NA,63,1,1
"227","AZE",2016,26,21.8,12.5,24.5,NA,NA,137,1,1
"228","AZE",2017,26,20.3,11.7,22.8,NA,NA,36,1,1
"229","AZE",2018,NA,19.2,10.9,21.5,NA,NA,16,0,1
"230","AZE",2019,NA,18.2,10.4,20.4,NA,NA,NA,NA,NA
"231","BDI",2000,1010,94.7,36.6,154.5,NA,NA,2071,1,1
"232","BDI",2001,956,91.9,36,149.4,NA,NA,1253,1,1
"233","BDI",2002,925,88.9,35.4,143.8,NA,NA,1576,1,1
"234","BDI",2003,890,85.7,34.8,138.1,0,1,1245,1,1
"235","BDI",2004,844,82.3,34.1,131.9,1,0,679,1,1
"236","BDI",2005,814,78.4,33.2,124.9,0,1,378,1,1
"237","BDI",2006,785,74.4,32.3,117.6,NA,NA,185,1,1
"238","BDI",2007,756,70.4,31.3,110.5,NA,NA,79,1,1
"239","BDI",2008,733,66.5,30.2,103.6,0,1,220,1,1
"240","BDI",2009,698,62.9,29.2,97.1,0,1,0,0,1
"241","BDI",2010,665,59.4,28.2,91,0,1,0,0,0
"242","BDI",2011,635,56.3,27.1,85.5,NA,NA,1,0,0
"243","BDI",2012,608,53.4,26.1,80.3,NA,NA,9,0,0
"244","BDI",2013,591,50.7,25.2,75.5,NA,NA,9,0,0
"245","BDI",2014,576,48.2,24.4,71.3,NA,NA,70,1,0
"246","BDI",2015,568,46.2,23.6,67.6,NA,NA,260,1,1
"247","BDI",2016,558,44.4,23,64.4,NA,NA,81,1,1
"248","BDI",2017,548,42.7,22.4,61.5,NA,NA,43,1,1
"249","BDI",2018,NA,41.3,21.8,59,NA,NA,113,1,1
"250","BDI",2019,NA,39.9,21.3,56.6,NA,NA,NA,NA,NA
"251","BEL",2000,8,4.8,3,5.8,NA,NA,0,0,0
"252","BEL",2001,8,4.6,2.8,5.6,NA,NA,0,0,0
"253","BEL",2002,7,4.4,2.8,5.4,NA,NA,0,0,0
"254","BEL",2003,7,4.3,2.7,5.2,NA,NA,0,0,0
"255","BEL",2004,7,4.2,2.7,5.1,NA,NA,0,0,0
"256","BEL",2005,7,4,2.6,4.9,NA,NA,0,0,0
"257","BEL",2006,7,4,2.6,4.8,NA,NA,0,0,0
"258","BEL",2007,7,3.9,2.5,4.7,NA,NA,0,0,0
"259","BEL",2008,7,3.8,2.5,4.6,NA,NA,0,0,0
"260","BEL",2009,6,3.7,2.4,4.5,NA,NA,0,0,0
"261","BEL",2010,6,3.6,2.3,4.4,NA,NA,0,0,0
"262","BEL",2011,6,3.6,2.3,4.4,NA,NA,0,0,0
"263","BEL",2012,6,3.5,2.3,4.3,NA,NA,0,0,0
"264","BEL",2013,6,3.4,2.3,4.2,NA,NA,0,0,0
"265","BEL",2014,6,3.3,2.3,4.1,NA,NA,0,0,0
"266","BEL",2015,5,3.3,2.3,4.1,NA,NA,0,0,0
"267","BEL",2016,5,3.3,2.3,4.1,NA,NA,34,1,0
"268","BEL",2017,5,3.3,2.3,4.1,NA,NA,0,0,1
"269","BEL",2018,NA,3.4,2.4,4.2,NA,NA,4,0,0
"270","BEL",2019,NA,3.4,2.4,4.2,NA,NA,NA,NA,NA
"271","BEN",2000,520,85,39,136.8,NA,NA,0,0,0
"272","BEN",2001,516,83.3,38.3,133.7,NA,NA,0,0,0
"273","BEN",2002,511,81.5,37.6,130.5,NA,NA,0,0,0
"274","BEN",2003,510,79.8,36.8,127.4,NA,NA,0,0,0
"275","BEN",2004,505,78.2,36.2,124.4,NA,NA,0,0,0
"276","BEN",2005,500,76.5,35.8,121.5,NA,NA,0,0,0
"277","BEN",2006,493,75,35.3,118.8,NA,NA,0,0,0
"278","BEN",2007,486,73.6,35,116.2,NA,NA,0,0,0
"279","BEN",2008,480,72.2,34.6,113.7,NA,NA,0,0,0
"280","BEN",2009,471,70.9,34.3,111.3,NA,NA,0,0,0
"281","BEN",2010,464,69.6,33.9,109,NA,NA,0,0,0
"282","BEN",2011,458,68.3,33.5,106.7,NA,NA,0,0,0
"283","BEN",2012,450,67,33.1,104.4,NA,NA,0,0,0
"284","BEN",2013,441,65.7,32.7,102.1,NA,NA,0,0,0
"285","BEN",2014,432,64.4,32.3,99.8,NA,NA,0,0,0
"286","BEN",2015,421,63.2,31.9,97.6,NA,NA,0,0,0
"287","BEN",2016,408,61.9,31.5,95.4,NA,NA,0,0,0
"288","BEN",2017,397,60.6,31.1,93.2,NA,NA,0,0,0
"289","BEN",2018,NA,59.3,30.6,90.9,NA,NA,0,0,0
"290","BEN",2019,NA,57.9,30.2,88.4,NA,NA,NA,NA,NA
"291","BFA",2000,516,90.9,40.7,178.9,NA,NA,0,0,0
"292","BFA",2001,501,89.3,39.9,174.9,0,1,0,0,0
"293","BFA",2002,486,87.6,39.2,170.4,NA,NA,0,0,0
"294","BFA",2003,471,85.5,38.3,165.3,NA,NA,0,0,0
"295","BFA",2004,454,83.3,37.2,159.5,NA,NA,0,0,0
"296","BFA",2005,437,80.8,36,153.1,NA,NA,0,0,0
"297","BFA",2006,422,78.1,34.8,146.3,NA,NA,0,0,0
"298","BFA",2007,410,75.4,33.7,139.5,NA,NA,0,0,0
"299","BFA",2008,401,72.7,32.7,132.9,NA,NA,0,0,0
"300","BFA",2009,393,70.3,31.9,126.9,NA,NA,0,0,0
"301","BFA",2010,385,68.1,31.2,121.5,NA,NA,0,0,0
"302","BFA",2011,377,66.3,30.5,116.9,0,1,0,0,0
"303","BFA",2012,369,64.4,29.9,112.5,NA,NA,0,0,0
"304","BFA",2013,362,62.7,29.3,108.3,NA,NA,0,0,0
"305","BFA",2014,353,61.2,28.8,104.5,0,1,0,0,0
"306","BFA",2015,343,59.6,28.2,100.9,NA,NA,0,0,0
"307","BFA",2016,331,58.2,27.7,97.5,NA,NA,26,1,0
"308","BFA",2017,320,56.7,27.3,94.1,NA,NA,54,1,1
"309","BFA",2018,NA,55.4,26.7,90.8,NA,NA,195,1,1
"310","BFA",2019,NA,54.1,26.2,87.8,NA,NA,NA,NA,NA
"311","BGD",2000,434,63.1,44,86,1,0,105,1,0
"312","BGD",2001,423,60,42.2,81.1,NA,NA,62,1,1
"313","BGD",2002,410,57,40.4,76.5,NA,NA,6,0,1
"314","BGD",2003,395,54.3,38.8,72.3,1,0,8,0,0
"315","BGD",2004,372,51.8,37.3,68.3,1,0,51,1,0
"316","BGD",2005,343,49.4,35.9,64.6,NA,NA,80,1,1
"317","BGD",2006,315,47,34.5,61,NA,NA,96,1,1
"318","BGD",2007,297,44.8,33.1,57.8,NA,NA,18,0,1
"319","BGD",2008,280,42.7,31.8,54.7,NA,NA,13,0,0
"320","BGD",2009,269,40.7,30.6,51.8,0,1,10,0,0
"321","BGD",2010,258,38.9,29.4,49.1,NA,NA,5,0,0
"322","BGD",2011,248,37.2,28.2,46.7,NA,NA,0,0,0
"323","BGD",2012,238,35.6,27.1,44.4,NA,NA,2,0,0
"324","BGD",2013,227,34,25.9,42.2,NA,NA,54,1,0
"325","BGD",2014,214,32.5,24.8,40.1,NA,NA,2,0,1
"326","BGD",2015,200,31,23.6,38.1,1,0,10,0,0
"327","BGD",2016,186,29.6,22.4,36.1,1,0,73,1,0
"328","BGD",2017,173,28.2,20.9,34.2,NA,NA,48,1,1
"329","BGD",2018,NA,26.8,19.7,32.4,NA,NA,28,1,1
"330","BGD",2019,NA,25.5,18.5,30.7,NA,NA,NA,NA,NA
"331","BGR",2000,19,14.4,7.9,17.5,0,1,0,0,0
"332","BGR",2001,18,13.8,7.6,16.7,NA,NA,0,0,0
"333","BGR",2002,17,13.2,7.3,15.9,NA,NA,0,0,0
"334","BGR",2003,16,12.5,6.9,15.1,NA,NA,0,0,0
"335","BGR",2004,16,11.8,6.4,14.2,NA,NA,0,0,0
"336","BGR",2005,15,11,6,13.3,NA,NA,0,0,0
"337","BGR",2006,14,10.3,5.6,12.4,1,0,0,0,0
"338","BGR",2007,13,9.9,5.3,11.8,NA,NA,0,0,0
"339","BGR",2008,13,9.5,5.2,11.4,NA,NA,0,0,0
"340","BGR",2009,12,9.3,5.2,11.1,NA,NA,0,0,0
"341","BGR",2010,12,9,5.1,10.8,NA,NA,0,0,0
"342","BGR",2011,12,8.7,5,10.4,NA,NA,0,0,0
"343","BGR",2012,11,8.2,4.8,9.8,1,0,0,0,0
"344","BGR",2013,10,7.8,4.5,9.3,NA,NA,0,0,0
"345","BGR",2014,11,7.3,4.3,8.7,NA,NA,0,0,0
"346","BGR",2015,10,6.9,4.1,8.2,NA,NA,0,0,0
"347","BGR",2016,10,6.5,3.9,7.7,NA,NA,0,0,0
"348","BGR",2017,10,6.1,3.7,7.3,NA,NA,0,0,0
"349","BGR",2018,NA,5.8,3.4,7,NA,NA,0,0,0
"350","BGR",2019,NA,5.5,3.2,6.6,NA,NA,NA,NA,NA
"351","BHR",2000,27,10.7,4.7,12.5,NA,NA,0,0,0
"352","BHR",2001,19,10.3,4.4,12,NA,NA,0,0,0
"353","BHR",2002,25,10,4.1,11.6,NA,NA,0,0,0
"354","BHR",2003,21,9.7,3.9,11.3,NA,NA,0,0,0
"355","BHR",2004,21,9.4,3.7,11,NA,NA,0,0,0
"356","BHR",2005,19,9.1,3.6,10.6,NA,NA,0,0,0
"357","BHR",2006,24,8.8,3.4,10.2,NA,NA,0,0,0
"358","BHR",2007,16,8.4,3.3,9.8,NA,NA,0,0,0
"359","BHR",2008,18,8,3.2,9.3,NA,NA,0,0,0
"360","BHR",2009,19,7.6,3.2,8.9,NA,NA,0,0,0
"361","BHR",2010,18,7.3,3.2,8.5,NA,NA,0,0,0
"362","BHR",2011,15,7,3.2,8.2,NA,NA,26,1,0
"363","BHR",2012,18,6.8,3.2,8,NA,NA,0,0,1
"364","BHR",2013,17,6.7,3.2,7.8,NA,NA,0,0,0
"365","BHR",2014,15,6.6,3.2,7.7,NA,NA,0,0,0
"366","BHR",2015,15,6.5,3.2,7.6,NA,NA,0,0,0
"367","BHR",2016,15,6.4,3.2,7.5,NA,NA,0,0,0
"368","BHR",2017,14,6.3,3.1,7.3,NA,NA,0,0,0
"369","BHR",2018,NA,6.1,3.1,7.1,NA,NA,0,0,0
"370","BHR",2019,NA,5.9,3,7,NA,NA,NA,NA,NA
"371","BHS",2000,75,13.9,8,16.3,NA,NA,0,0,0
"372","BHS",2001,76,14,8.2,16.4,NA,NA,0,0,0
"373","BHS",2002,78,14.1,8.3,16.5,NA,NA,0,0,0
"374","BHS",2003,79,14.3,8.5,16.7,NA,NA,0,0,0
"375","BHS",2004,78,14.4,8.6,16.8,NA,NA,0,0,0
"376","BHS",2005,77,14.4,8.7,16.8,NA,NA,0,0,0
"377","BHS",2006,78,14.3,8.7,16.7,NA,NA,0,0,0
"378","BHS",2007,77,14.1,8.6,16.5,NA,NA,0,0,0
"379","BHS",2008,77,13.9,8.5,16.2,NA,NA,0,0,0
"380","BHS",2009,78,13.6,8.3,15.9,NA,NA,0,0,0
"381","BHS",2010,78,13.3,8.1,15.6,NA,NA,0,0,0
"382","BHS",2011,78,13,7.9,15.2,NA,NA,0,0,0
"383","BHS",2012,78,12.8,7.8,14.9,NA,NA,0,0,0
"384","BHS",2013,78,12.5,7.7,14.6,NA,NA,0,0,0
"385","BHS",2014,77,12.2,7.5,14.3,NA,NA,0,0,0
"386","BHS",2015,74,12,7.4,14,NA,NA,0,0,0
"387","BHS",2016,72,11.7,7.3,13.7,NA,NA,0,0,0
"388","BHS",2017,70,11.4,7.2,13.3,NA,NA,0,0,0
"389","BHS",2018,NA,11.2,7,13,NA,NA,0,0,0
"390","BHS",2019,NA,14.5,6.9,22.4,NA,NA,NA,NA,NA
"391","BIH",2000,17,8.7,6.9,9.9,0,1,0,0,0
"392","BIH",2001,16,8.4,6.5,9.6,NA,NA,0,0,0
"393","BIH",2002,14,8.2,6.2,9.3,NA,NA,0,0,0
"394","BIH",2003,14,8.1,5.9,9.2,0,1,0,0,0
"395","BIH",2004,14,7.9,5.7,9.1,NA,NA,0,0,0
"396","BIH",2005,13,7.8,5.5,8.9,NA,NA,0,0,0
"397","BIH",2006,13,7.5,5.4,8.6,NA,NA,0,0,0
"398","BIH",2007,13,7.2,5.3,8.3,NA,NA,0,0,0
"399","BIH",2008,11,6.9,5.3,7.9,NA,NA,0,0,0
"400","BIH",2009,11,6.6,5.2,7.5,NA,NA,0,0,0
"401","BIH",2010,11,6.3,5.1,7.2,NA,NA,0,0,0
"402","BIH",2011,10,6,5,6.9,NA,NA,0,0,0
"403","BIH",2012,10,5.8,4.9,6.7,NA,NA,0,0,0
"404","BIH",2013,10,5.6,4.8,6.5,NA,NA,0,0,0
"405","BIH",2014,10,5.5,4.7,6.4,NA,NA,0,0,0
"406","BIH",2015,10,5.4,4.6,6.3,NA,NA,0,0,0
"407","BIH",2016,10,5.3,4.5,6.2,NA,NA,0,0,0
"408","BIH",2017,10,5.3,4.4,6.1,NA,NA,0,0,0
"409","BIH",2018,NA,5.2,4.3,6,NA,NA,0,0,0
"410","BIH",2019,NA,5.1,4.2,5.9,NA,NA,NA,NA,NA
"411","BLR",2000,22,9.9,6,12.7,NA,NA,0,0,0
"412","BLR",2001,19,9.2,5.5,11.8,NA,NA,0,0,0
"413","BLR",2002,18,8.5,5,10.9,NA,NA,0,0,0
"414","BLR",2003,15,7.8,4.5,10.1,NA,NA,0,0,0
"415","BLR",2004,13,7.3,4,9.4,NA,NA,0,0,0
"416","BLR",2005,11,6.7,3.5,8.7,NA,NA,0,0,0
"417","BLR",2006,9,6.2,3,8,NA,NA,0,0,0
"418","BLR",2007,7,5.6,2.6,7.3,NA,NA,0,0,0
"419","BLR",2008,6,5.1,2.2,6.6,NA,NA,0,0,0
"420","BLR",2009,6,4.6,2,6.1,NA,NA,0,0,0
"421","BLR",2010,5,4.3,1.8,5.6,NA,NA,0,0,0
"422","BLR",2011,5,3.9,1.7,5.2,NA,NA,0,0,0
"423","BLR",2012,4,3.7,1.7,4.9,NA,NA,0,0,0
"424","BLR",2013,3,3.5,1.7,4.6,NA,NA,0,0,0
"425","BLR",2014,3,3.3,1.6,4.3,NA,NA,0,0,0
"426","BLR",2015,3,3.1,1.6,4.1,NA,NA,0,0,0
"427","BLR",2016,3,2.9,1.5,3.9,NA,NA,0,0,0
"428","BLR",2017,2,2.7,1.4,3.6,NA,NA,0,0,0
"429","BLR",2018,NA,2.5,1.2,3.4,NA,NA,0,0,0
"430","BLR",2019,NA,2.4,1.1,3.1,NA,NA,NA,NA,NA
"431","BLZ",2000,89,20,12,23.6,NA,NA,0,0,0
"432","BLZ",2001,88,19.4,11.6,22.8,NA,NA,0,0,0
"433","BLZ",2002,82,18.9,11.1,22.2,NA,NA,0,0,0
"434","BLZ",2003,80,18.5,10.6,21.7,NA,NA,0,0,0
"435","BLZ",2004,75,18.2,10,21.3,NA,NA,0,0,0
"436","BLZ",2005,70,17.9,9.4,20.9,NA,NA,0,0,0
"437","BLZ",2006,65,17.6,8.7,20.6,NA,NA,0,0,0
"438","BLZ",2007,61,17.3,8.4,20.3,NA,NA,0,0,0
"439","BLZ",2008,59,17,8.4,19.9,NA,NA,0,0,0
"440","BLZ",2009,57,16.6,8.7,19.4,NA,NA,0,0,0
"441","BLZ",2010,54,16.2,9.3,18.9,NA,NA,0,0,0
"442","BLZ",2011,52,15.7,10,18.3,NA,NA,0,0,0
"443","BLZ",2012,50,15.2,10.4,17.7,NA,NA,0,0,0
"444","BLZ",2013,48,14.6,10.5,16.9,NA,NA,0,0,0
"445","BLZ",2014,46,13.9,10.4,16.1,NA,NA,0,0,0
"446","BLZ",2015,43,13.2,10.1,15.3,NA,NA,0,0,0
"447","BLZ",2016,39,12.5,9.6,14.5,NA,NA,0,0,0
"448","BLZ",2017,36,11.8,9.1,13.7,NA,NA,0,0,0
"449","BLZ",2018,NA,11.1,8.6,12.9,NA,NA,0,0,0
"450","BLZ",2019,NA,10.6,8.1,12.3,NA,NA,NA,NA,NA
"451","BOL",2000,331,55.9,29.6,75.6,0,1,50,1,0
"452","BOL",2001,320,53.1,28.7,71.3,NA,NA,0,0,1
"453","BOL",2002,309,50.4,28,67.2,NA,NA,0,0,0
"454","BOL",2003,297,47.8,27.4,63.3,NA,NA,0,0,0
"455","BOL",2004,283,45.4,26.8,59.6,0,1,0,0,0
"456","BOL",2005,271,43.1,26.2,56.2,NA,NA,0,0,0
"457","BOL",2006,258,40.8,25.5,52.9,NA,NA,0,0,0
"458","BOL",2007,246,38.7,24.7,49.8,NA,NA,0,0,0
"459","BOL",2008,234,36.7,23.7,46.9,0,1,0,0,0
"460","BOL",2009,222,34.8,22.8,44.1,NA,NA,0,0,0
"461","BOL",2010,212,33,21.8,41.6,0,1,0,0,0
"462","BOL",2011,202,31.2,20.8,39.2,NA,NA,0,0,0
"463","BOL",2012,192,29.6,19.9,37,NA,NA,0,0,0
"464","BOL",2013,184,28,18.7,34.9,0,1,0,0,0
"465","BOL",2014,175,26.6,17.6,33,0,1,0,0,0
"466","BOL",2015,168,25.4,16.7,31.3,NA,NA,0,0,0
"467","BOL",2016,161,24.3,15.9,29.9,0,1,0,0,0
"468","BOL",2017,155,23.2,15.2,28.6,NA,NA,0,0,0
"469","BOL",2018,NA,22.3,14.6,27.4,NA,NA,0,0,0
"470","BOL",2019,NA,21.5,14,26.3,NA,NA,NA,NA,NA
"471","BRA",2000,69,30.4,18.5,34.7,NA,NA,46,1,1
"472","BRA",2001,68,28.5,17.6,32.5,0,1,74,1,1
"473","BRA",2002,69,26.8,16.7,30.4,0,1,61,1,1
"474","BRA",2003,70,25.1,15.8,28.4,NA,NA,43,1,1
"475","BRA",2004,71,23.5,15,26.5,0,1,86,1,1
"476","BRA",2005,71,22,14.2,24.8,0,1,54,1,1
"477","BRA",2006,72,20.7,13.5,23.2,NA,NA,22,0,1
"478","BRA",2007,71,19.5,12.8,21.8,1,0,40,1,0
"479","BRA",2007,71,19.5,12.8,21.8,0,1,40,1,0
"480","BRA",2008,70,18.4,12.2,20.6,NA,NA,20,0,1
"481","BRA",2009,69,17.5,11.6,19.5,NA,NA,40,1,0
"482","BRA",2010,65,16.7,11.1,18.6,0,1,4,0,1
"483","BRA",2011,61,16,10.7,17.9,NA,NA,34,1,0
"484","BRA",2012,60,15.4,10.3,17.2,0,1,270,1,1
"485","BRA",2013,61,14.9,10,16.7,NA,NA,4,0,1
"486","BRA",2014,62,14.6,9.7,16.3,0,1,1,0,0
"487","BRA",2015,63,14.2,9.5,15.9,NA,NA,18,0,0
"488","BRA",2016,62,15,10,16.7,NA,NA,34,1,0
"489","BRA",2017,60,13.8,9.3,15.4,NA,NA,2803,1,1
"490","BRA",2018,NA,13.6,9.2,15.2,NA,NA,2380,1,1
"491","BRA",2019,NA,13.3,8.9,14.9,NA,NA,NA,NA,NA
"492","BRB",2000,50,13.7,9.3,15.1,NA,NA,0,0,0
"493","BRB",2001,48,14,9.3,15.3,NA,NA,0,0,0
"494","BRB",2002,47,14.2,9.5,15.5,NA,NA,0,0,0
"495","BRB",2003,45,14.3,9.6,15.7,NA,NA,0,0,0
"496","BRB",2004,43,14.4,9.8,15.7,NA,NA,0,0,0
"497","BRB",2005,42,14.4,9.9,15.7,NA,NA,0,0,0
"498","BRB",2006,41,14.3,10,15.6,NA,NA,0,0,0
"499","BRB",2007,40,14.2,10.1,15.4,1,0,0,0,0
"500","BRB",2008,39,14.1,10.1,15.3,NA,NA,0,0,0
"501","BRB",2009,38,13.9,10,15.1,NA,NA,0,0,0
"502","BRB",2010,36,13.8,10,15,0,1,0,0,0
"503","BRB",2011,35,13.7,9.9,14.8,NA,NA,0,0,0
"504","BRB",2012,34,13.6,9.8,14.7,NA,NA,0,0,0
"505","BRB",2013,32,13.5,9.7,14.6,NA,NA,0,0,0
"506","BRB",2014,31,13.3,9.5,14.3,NA,NA,0,0,0
"507","BRB",2015,31,13,9.3,14,NA,NA,0,0,0
"508","BRB",2016,30,12.7,9.1,13.7,NA,NA,0,0,0
"509","BRB",2017,27,12.4,8.9,13.4,NA,NA,0,0,0
"510","BRB",2018,NA,12.1,8.6,13,NA,NA,0,0,0
"511","BRB",2019,NA,11.7,8.4,12.6,NA,NA,NA,NA,NA
"512","BRN",2000,28,8.2,5,10.3,NA,NA,0,0,0
"513","BRN",2001,28,8,5,10.1,NA,NA,0,0,0
"514","BRN",2002,29,7.9,5,9.8,NA,NA,0,0,0
"515","BRN",2003,30,7.8,5,9.7,NA,NA,0,0,0
"516","BRN",2004,30,7.7,5,9.6,NA,NA,0,0,0
"517","BRN",2005,29,7.7,5,9.5,NA,NA,0,0,0
"518","BRN",2006,28,7.7,4.9,9.5,NA,NA,0,0,0
"519","BRN",2007,27,7.7,4.9,9.5,NA,NA,0,0,0
"520","BRN",2008,27,7.7,4.8,9.5,NA,NA,0,0,0
"521","BRN",2009,27,7.8,4.8,9.6,NA,NA,0,0,0
"522","BRN",2010,28,7.9,4.8,9.7,NA,NA,0,0,0
"523","BRN",2011,28,8.1,4.8,9.8,NA,NA,0,0,0
"524","BRN",2012,29,8.2,4.8,10,NA,NA,0,0,0
"525","BRN",2013,28,8.4,4.9,10.2,NA,NA,0,0,0
"526","BRN",2014,29,8.6,5,10.4,NA,NA,0,0,0
"527","BRN",2015,30,8.8,5.2,10.6,NA,NA,0,0,0
"528","BRN",2016,31,9,5.4,10.8,NA,NA,0,0,0
"529","BRN",2017,31,9.2,5.6,11,NA,NA,0,0,0
"530","BRN",2018,NA,9.4,5.8,11.2,NA,NA,0,0,0
"531","BRN",2019,NA,9.6,6,11.4,NA,NA,NA,NA,NA
"532","BTN",2000,423,57.5,31.8,77.2,NA,NA,0,0,0
"533","BTN",2001,384,54.8,30.9,72.9,NA,NA,0,0,0
"534","BTN",2002,365,52.2,30,68.9,NA,NA,0,0,0
"535","BTN",2003,348,49.7,29,65,NA,NA,0,0,0
"536","BTN",2004,332,47.2,28,61.2,NA,NA,0,0,0
"537","BTN",2005,310,44.7,27.1,57.5,NA,NA,0,0,0
"538","BTN",2006,291,42.3,26.2,54.1,NA,NA,0,0,0
"539","BTN",2007,275,40.1,25.3,50.8,NA,NA,0,0,0
"540","BTN",2008,264,38,24.4,47.8,NA,NA,0,0,0
"541","BTN",2009,255,36,23.4,44.9,1,0,0,0,0
"542","BTN",2010,247,34.1,22.5,42.4,NA,NA,0,0,0
"543","BTN",2011,239,32.4,21.6,40,1,0,0,0,0
"544","BTN",2012,231,31,20.8,38,NA,NA,0,0,0
"545","BTN",2013,223,29.6,20.1,36.2,NA,NA,0,0,0
"546","BTN",2014,214,28.5,19.3,34.6,NA,NA,0,0,0
"547","BTN",2015,203,27.4,18.4,33.1,NA,NA,0,0,0
"548","BTN",2016,193,26.5,17.6,31.9,NA,NA,0,0,0
"549","BTN",2017,183,25.6,17,30.7,NA,NA,0,0,0
"550","BTN",2018,NA,24.7,16.3,29.6,NA,NA,0,0,0
"551","BTN",2019,NA,23.9,15.7,28.6,NA,NA,NA,NA,NA
"552","BWA",2000,262,45.2,16.6,80.5,NA,NA,0,0,0
"553","BWA",2001,271,44.6,17,80,NA,NA,0,0,0
"554","BWA",2002,278,43.9,17.8,78.3,NA,NA,0,0,0
"555","BWA",2003,278,43.1,18.7,76.1,NA,NA,0,0,0
"556","BWA",2004,264,42.1,19.6,72.7,NA,NA,0,0,0
"557","BWA",2005,239,38.9,20.4,67,NA,NA,0,0,0
"558","BWA",2006,221,38.1,21,61.5,NA,NA,0,0,0
"559","BWA",2007,209,39.5,21.6,58.6,NA,NA,0,0,0
"560","BWA",2008,203,40.3,22,57.6,NA,NA,0,0,0
"561","BWA",2009,189,40.1,22.4,55.3,NA,NA,0,0,0
"562","BWA",2010,179,39.5,22.7,51.4,NA,NA,0,0,0
"563","BWA",2011,176,41.1,22.9,51.9,NA,NA,0,0,0
"564","BWA",2012,170,40.2,23.1,50.8,NA,NA,0,0,0
"565","BWA",2013,164,39.4,23.2,49.6,NA,NA,0,0,0
"566","BWA",2014,160,40.1,23.3,50.2,NA,NA,0,0,0
"567","BWA",2015,156,39.6,23.3,49.7,0,1,0,0,0
"568","BWA",2016,151,39.3,23.2,49.2,NA,NA,0,0,0
"569","BWA",2017,144,38.2,23,47.8,NA,NA,0,0,0
"570","BWA",2018,NA,37.6,22.7,47,NA,NA,0,0,0
"571","BWA",2019,NA,36.9,22.3,45.9,0,1,NA,NA,NA
"572","CAF",2000,1280,109.9,49,168.9,NA,NA,6,0,0
"573","CAF",2001,1290,109.2,48.9,167.4,NA,NA,216,1,0
"574","CAF",2002,1280,108.5,48.7,165.8,NA,NA,152,1,1
"575","CAF",2003,1250,107.7,48.6,164.2,NA,NA,19,0,1
"576","CAF",2004,1230,106.9,48.4,162.5,NA,NA,23,0,0
"577","CAF",2005,1200,106.1,48.2,160.8,NA,NA,8,0,0
"578","CAF",2006,1170,104.8,48,158.3,NA,NA,190,1,0
"579","CAF",2007,1130,103.7,47.7,155.6,NA,NA,143,1,1
"580","CAF",2008,1090,102.5,47.2,152.8,NA,NA,8,0,1
"581","CAF",2009,1050,100.6,46.7,148.9,NA,NA,244,1,0
"582","CAF",2010,1000,99,46.1,145,NA,NA,148,1,1
"583","CAF",2011,981,96.7,45.5,140.5,NA,NA,195,1,1
"584","CAF",2012,963,94.5,44.7,136.2,NA,NA,132,1,1
"585","CAF",2013,1030,93,43.9,132.5,NA,NA,3396,1,1
"586","CAF",2014,961,90.5,43.2,128.2,NA,NA,3494,1,1
"587","CAF",2015,912,87.9,42.5,123.3,NA,NA,743,1,1
"588","CAF",2016,890,85.6,41.7,118.2,NA,NA,688,1,1
"589","CAF",2017,829,83.8,41,114.5,NA,NA,1849,1,1
"590","CAF",2018,NA,81.6,40.2,111.1,NA,NA,640,1,1
"591","CAF",2019,NA,79.1,39.6,106.6,NA,NA,NA,NA,NA
"592","CAN",2000,9,5.3,3.8,6.2,NA,NA,23,0,0
"593","CAN",2001,10,5.3,3.8,6.2,NA,NA,1,0,0
"594","CAN",2002,10,5.3,3.9,6.2,NA,NA,0,0,0
"595","CAN",2003,10,5.3,3.9,6.2,NA,NA,0,0,0
"596","CAN",2004,10,5.3,3.9,6.1,NA,NA,0,0,0
"597","CAN",2005,11,5.2,3.9,6.1,NA,NA,0,0,0
"598","CAN",2006,11,5.2,3.9,6,NA,NA,0,0,0
"599","CAN",2007,11,5.1,3.8,6,NA,NA,0,0,0
"600","CAN",2008,12,5.1,3.8,5.9,NA,NA,0,0,0
"601","CAN",2009,12,5,3.8,5.8,NA,NA,0,0,0
"602","CAN",2010,11,5,3.8,5.7,NA,NA,0,0,0
"603","CAN",2011,11,4.9,3.7,5.7,NA,NA,0,0,0
"604","CAN",2012,11,4.9,3.7,5.6,NA,NA,0,0,0
"605","CAN",2013,11,4.8,3.6,5.5,NA,NA,0,0,0
"606","CAN",2014,11,4.7,3.6,5.4,NA,NA,0,0,0
"607","CAN",2015,11,4.7,3.6,5.4,NA,NA,0,0,0
"608","CAN",2016,10,4.6,3.5,5.3,NA,NA,0,0,0
"609","CAN",2017,10,4.6,3.4,5.2,NA,NA,0,0,0
"610","CAN",2018,NA,4.5,3.3,5.1,NA,NA,0,0,0
"611","CAN",2019,NA,4.4,3.3,5.1,NA,NA,NA,NA,NA
"612","CHE",2000,7,4.7,3.5,5.6,NA,NA,0,0,0
"613","CHE",2001,7,4.6,3.5,5.5,NA,NA,0,0,0
"614","CHE",2002,7,4.5,3.4,5.4,NA,NA,0,0,0
"615","CHE",2003,7,4.5,3.4,5.3,NA,NA,0,0,0
"616","CHE",2004,7,4.4,3.3,5.2,NA,NA,0,0,0
"617","CHE",2005,7,4.3,3.3,5.1,NA,NA,0,0,0
"618","CHE",2006,7,4.2,3.3,4.9,NA,NA,0,0,0
"619","CHE",2007,6,4.1,3.2,4.8,NA,NA,0,0,0
"620","CHE",2008,6,4,3.2,4.7,NA,NA,0,0,0
"621","CHE",2009,6,4,3.2,4.6,NA,NA,0,0,0
"622","CHE",2010,6,3.9,3.2,4.6,NA,NA,0,0,0
"623","CHE",2011,6,3.9,3.1,4.5,NA,NA,0,0,0
"624","CHE",2012,6,3.8,3.1,4.4,NA,NA,0,0,0
"625","CHE",2013,6,3.8,3,4.4,NA,NA,0,0,0
"626","CHE",2014,5,3.8,3,4.3,NA,NA,0,0,0
"627","CHE",2015,5,3.7,3,4.3,NA,NA,0,0,0
"628","CHE",2016,5,3.7,2.9,4.2,NA,NA,0,0,0
"629","CHE",2017,5,3.6,2.9,4.2,NA,NA,0,0,0
"630","CHE",2018,NA,3.6,2.9,4.1,NA,NA,0,0,0
"631","CHE",2019,NA,3.6,2.8,4,NA,NA,NA,NA,NA
"632","CHL",2000,31,9.2,5.7,10.9,NA,NA,0,0,0
"633","CHL",2001,32,8.7,5.4,10.3,NA,NA,0,0,0
"634","CHL",2002,28,8.3,5.3,9.8,NA,NA,0,0,0
"635","CHL",2003,27,8.1,5.3,9.5,NA,NA,0,0,0
"636","CHL",2004,27,7.9,5.4,9.3,NA,NA,0,0,0
"637","CHL",2005,25,7.7,5.4,9.1,1,0,0,0,0
"638","CHL",2006,25,7.6,5.5,9,NA,NA,0,0,0
"639","CHL",2007,23,7.6,5.4,8.9,1,0,0,0,0
"640","CHL",2007,23,7.6,5.4,8.9,1,0,0,0,0
"641","CHL",2008,21,7.6,5.3,8.9,NA,NA,0,0,0
"642","CHL",2009,21,7.5,5.3,8.8,NA,NA,0,0,0
"643","CHL",2010,20,7.4,5.3,8.7,1,0,0,0,0
"644","CHL",2011,18,7.3,5.3,8.5,NA,NA,0,0,0
"645","CHL",2012,17,7.2,5.3,8.4,1,0,0,0,0
"646","CHL",2013,16,7.1,5.3,8.3,NA,NA,0,0,0
"647","CHL",2014,15,6.9,5.2,8.1,1,0,0,0,0
"648","CHL",2015,14,6.7,5.1,7.9,1,0,0,0,0
"649","CHL",2016,13,6.5,5,7.7,NA,NA,0,0,0
"650","CHL",2017,13,6.4,4.9,7.4,NA,NA,0,0,0
"651","CHL",2018,NA,6.2,4.7,7.2,NA,NA,0,0,0
"652","CHL",2019,NA,6,4.5,7,1,0,NA,NA,NA
"653","CHN",2000,59,29.9,21.4,36.7,1,0,0,0,0
"654","CHN",2000,59,29.9,21.4,36.7,1,0,0,0,0
"655","CHN",2000,59,29.9,21.4,36.7,1,0,0,0,0
"656","CHN",2000,59,29.9,21.4,36.7,1,0,0,0,0
"657","CHN",2000,59,29.9,21.4,36.7,1,0,0,0,0
"658","CHN",2000,59,29.9,21.4,36.7,0,1,0,0,0
"659","CHN",2000,59,29.9,21.4,36.7,0,1,0,0,0
"660","CHN",2000,59,29.9,21.4,36.7,0,1,0,0,0
"661","CHN",2001,55,27.8,19.9,34.1,1,0,0,0,0
"662","CHN",2001,55,27.8,19.9,34.1,1,0,0,0,0
"663","CHN",2001,55,27.8,19.9,34.1,1,0,0,0,0
"664","CHN",2001,55,27.8,19.9,34.1,1,0,0,0,0
"665","CHN",2001,55,27.8,19.9,34.1,1,0,0,0,0
"666","CHN",2001,55,27.8,19.9,34.1,0,1,0,0,0
"667","CHN",2001,55,27.8,19.9,34.1,0,1,0,0,0
"668","CHN",2002,51,25.6,18.4,31.5,1,0,0,0,0
"669","CHN",2002,51,25.6,18.4,31.5,1,0,0,0,0
"670","CHN",2002,51,25.6,18.4,31.5,0,1,0,0,0
"671","CHN",2002,51,25.6,18.4,31.5,0,1,0,0,0
"672","CHN",2002,51,25.6,18.4,31.5,0,1,0,0,0
"673","CHN",2003,48,23.4,16.9,28.8,1,0,0,0,0
"674","CHN",2003,48,23.4,16.9,28.8,0,1,0,0,0
"675","CHN",2003,48,23.4,16.9,28.8,1,0,0,0,0
"676","CHN",2003,48,23.4,16.9,28.8,1,0,0,0,0
"677","CHN",2003,48,23.4,16.9,28.8,1,0,0,0,0
"678","CHN",2003,48,23.4,16.9,28.8,1,0,0,0,0
"679","CHN",2003,48,23.4,16.9,28.8,1,0,0,0,0
"680","CHN",2003,48,23.4,16.9,28.8,1,0,0,0,0
"681","CHN",2003,48,23.4,16.9,28.8,1,0,0,0,0
"682","CHN",2003,48,23.4,16.9,28.8,1,0,0,0,0
"683","CHN",2003,48,23.4,16.9,28.8,1,0,0,0,0
"684","CHN",2003,48,23.4,16.9,28.8,1,0,0,0,0
"685","CHN",2003,48,23.4,16.9,28.8,0,1,0,0,0
"686","CHN",2004,46,21.4,15.3,26.3,1,0,0,0,0
"687","CHN",2004,46,21.4,15.3,26.3,1,0,0,0,0
"688","CHN",2004,46,21.4,15.3,26.3,1,0,0,0,0
"689","CHN",2004,46,21.4,15.3,26.3,1,0,0,0,0
"690","CHN",2004,46,21.4,15.3,26.3,1,0,0,0,0
"691","CHN",2005,44,19.4,13.9,24,0,1,12,0,0
"692","CHN",2005,44,19.4,13.9,24,1,0,12,0,0
"693","CHN",2005,44,19.4,13.9,24,1,0,12,0,0
"694","CHN",2005,44,19.4,13.9,24,0,1,12,0,0
"695","CHN",2006,42,17.7,12.5,21.9,1,0,0,0,0
"696","CHN",2006,42,17.7,12.5,21.9,0,1,0,0,0
"697","CHN",2006,42,17.7,12.5,21.9,1,0,0,0,0
"698","CHN",2006,42,17.7,12.5,21.9,1,0,0,0,0
"699","CHN",2006,42,17.7,12.5,21.9,1,0,0,0,0
"700","CHN",2006,42,17.7,12.5,21.9,1,0,0,0,0
"701","CHN",2006,42,17.7,12.5,21.9,1,0,0,0,0
"702","CHN",2007,40,16.2,11.3,20.1,1,0,0,0,0
"703","CHN",2008,40,14.8,10.2,18.5,1,0,87,1,0
"704","CHN",2008,40,14.8,10.2,18.5,1,0,87,1,0
"705","CHN",2008,40,14.8,10.2,18.5,1,0,87,1,0
"706","CHN",2008,40,14.8,10.2,18.5,1,0,87,1,0
"707","CHN",2008,40,14.8,10.2,18.5,1,0,87,1,0
"708","CHN",2008,40,14.8,10.2,18.5,1,0,87,1,0
"709","CHN",2008,40,14.8,10.2,18.5,1,0,87,1,0
"710","CHN",2008,40,14.8,10.2,18.5,0,1,87,1,0
"711","CHN",2009,37,13.6,9.2,17,1,0,189,1,1
"712","CHN",2009,37,13.6,9.2,17,0,1,189,1,1
"713","CHN",2009,37,13.6,9.2,17,1,0,189,1,1
"714","CHN",2009,37,13.6,9.2,17,0,1,189,1,1
"715","CHN",2010,36,12.5,8.4,15.8,1,0,0,0,1
"716","CHN",2010,36,12.5,8.4,15.8,0,1,0,0,1
"717","CHN",2010,36,12.5,8.4,15.8,1,0,0,0,1
"718","CHN",2010,36,12.5,8.4,15.8,1,0,0,0,1
"719","CHN",2010,36,12.5,8.4,15.8,1,0,0,0,1
"720","CHN",2010,36,12.5,8.4,15.8,1,0,0,0,1
"721","CHN",2011,34,11.5,7.6,14.6,1,0,0,0,0
"722","CHN",2011,34,11.5,7.6,14.6,1,0,0,0,0
"723","CHN",2011,34,11.5,7.6,14.6,1,0,0,0,0
"724","CHN",2011,34,11.5,7.6,14.6,1,0,0,0,0
"725","CHN",2011,34,11.5,7.6,14.6,1,0,0,0,0
"726","CHN",2011,34,11.5,7.6,14.6,1,0,0,0,0
"727","CHN",2011,34,11.5,7.6,14.6,1,0,0,0,0
"728","CHN",2012,33,10.6,7,13.5,1,0,0,0,0
"729","CHN",2012,33,10.6,7,13.5,1,0,0,0,0
"730","CHN",2012,33,10.6,7,13.5,1,0,0,0,0
"731","CHN",2012,33,10.6,7,13.5,1,0,0,0,0
"732","CHN",2012,33,10.6,7,13.5,1,0,0,0,0
"733","CHN",2012,33,10.6,7,13.5,1,0,0,0,0
"734","CHN",2013,32,9.8,6.4,12.5,1,0,0,0,0
"735","CHN",2013,32,9.8,6.4,12.5,1,0,0,0,0
"736","CHN",2013,32,9.8,6.4,12.5,1,0,0,0,0
"737","CHN",2013,32,9.8,6.4,12.5,1,0,0,0,0
"738","CHN",2013,32,9.8,6.4,12.5,1,0,0,0,0
"739","CHN",2013,32,9.8,6.4,12.5,1,0,0,0,0
"740","CHN",2013,32,9.8,6.4,12.5,1,0,0,0,0
"741","CHN",2013,32,9.8,6.4,12.5,1,0,0,0,0
"742","CHN",2013,32,9.8,6.4,12.5,0,1,0,0,0
"743","CHN",2014,31,9,5.8,11.6,1,0,0,0,0
"744","CHN",2014,31,9,5.8,11.6,1,0,0,0,0
"745","CHN",2014,31,9,5.8,11.6,1,0,0,0,0
"746","CHN",2014,31,9,5.8,11.6,1,0,0,0,0
"747","CHN",2014,31,9,5.8,11.6,1,0,0,0,0
"748","CHN",2014,31,9,5.8,11.6,1,0,0,0,0
"749","CHN",2014,31,9,5.8,11.6,1,0,0,0,0
"750","CHN",2014,31,9,5.8,11.6,1,0,0,0,0
"751","CHN",2014,31,9,5.8,11.6,0,1,0,0,0
"752","CHN",2014,31,9,5.8,11.6,0,1,0,0,0
"753","CHN",2015,30,8.3,5.3,10.7,1,0,5,0,0
"754","CHN",2015,30,8.3,5.3,10.7,1,0,5,0,0
"755","CHN",2015,30,8.3,5.3,10.7,1,0,5,0,0
"756","CHN",2015,30,8.3,5.3,10.7,1,0,5,0,0
"757","CHN",2015,30,8.3,5.3,10.7,1,0,5,0,0
"758","CHN",2015,30,8.3,5.3,10.7,0,1,5,0,0
"759","CHN",2016,29,7.6,4.9,9.9,0,1,0,0,0
"760","CHN",2016,29,7.6,4.9,9.9,1,0,0,0,0
"761","CHN",2016,29,7.6,4.9,9.9,1,0,0,0,0
"762","CHN",2016,29,7.6,4.9,9.9,1,0,0,0,0
"763","CHN",2017,29,7,4.5,9.2,1,0,6,0,0
"764","CHN",2017,29,7,4.5,9.2,1,0,6,0,0
"765","CHN",2017,29,7,4.5,9.2,1,0,6,0,0
"766","CHN",2017,29,7,4.5,9.2,1,0,6,0,0
"767","CHN",2017,29,7,4.5,9.2,0,1,6,0,0
"768","CHN",2018,NA,6.4,4.1,8.5,1,0,0,0,0
"769","CHN",2018,NA,6.4,4.1,8.5,1,0,0,0,0
"770","CHN",2019,NA,5.9,3.7,7.9,1,0,NA,NA,NA
"771","CHN",2019,NA,5.9,3.7,7.9,1,0,NA,NA,NA
"772","CHN",2019,NA,5.9,3.7,7.9,1,0,NA,NA,NA
"773","CIV",2000,704,95.6,45.8,143.3,NA,NA,132,1,0
"774","CIV",2001,706,93.7,45.2,140.1,NA,NA,2,0,1
"775","CIV",2002,713,91.6,44.6,136.7,NA,NA,1028,1,0
"776","CIV",2003,711,89.6,44,133.1,NA,NA,492,1,1
"777","CIV",2004,709,87.5,43.4,129.5,NA,NA,304,1,1
"778","CIV",2005,704,85.2,42.7,125.6,NA,NA,153,1,1
"779","CIV",2006,699,83.4,42,122,NA,NA,11,0,1
"780","CIV",2007,698,81.1,41.3,118.2,NA,NA,3,0,0
"781","CIV",2008,694,78.7,40.6,114.2,NA,NA,4,0,0
"782","CIV",2009,700,76.6,40,109.9,NA,NA,1,0,0
"783","CIV",2010,701,74.7,39.3,106.3,NA,NA,80,1,0
"784","CIV",2011,703,72.9,38.7,103.1,NA,NA,1256,1,1
"785","CIV",2012,702,71,38,100.1,NA,NA,21,0,1
"786","CIV",2013,691,69.1,37.4,97,NA,NA,4,0,0
"787","CIV",2014,676,67.3,36.8,93.6,NA,NA,0,0,0
"788","CIV",2015,658,65.7,36.2,90.8,NA,NA,0,0,0
"789","CIV",2016,636,64.4,35.6,88.4,NA,NA,49,1,0
"790","CIV",2017,617,62.9,35,86,NA,NA,0,0,1
"791","CIV",2018,NA,61.3,34.5,83.2,NA,NA,0,0,0
"792","CIV",2019,NA,59.4,33.9,80.3,NA,NA,NA,NA,NA
"793","CMR",2000,886,87.6,35.6,143.9,NA,NA,2,0,0
"794","CMR",2001,844,85.8,34.8,140.9,0,1,0,0,0
"795","CMR",2002,803,83.7,34.1,137.5,NA,NA,0,0,0
"796","CMR",2003,771,81.7,33.7,134,NA,NA,0,0,0
"797","CMR",2004,732,79.7,33.5,130.6,NA,NA,0,0,0
"798","CMR",2005,692,78.1,33.2,127.5,0,1,0,0,0
"799","CMR",2006,658,76.2,33,124.2,NA,NA,0,0,0
"800","CMR",2007,635,74.6,32.7,121,NA,NA,0,0,0
"801","CMR",2008,618,72.7,32.4,117.6,NA,NA,0,0,0
"802","CMR",2009,606,71.1,32,114.3,NA,NA,0,0,0
"803","CMR",2010,597,68.6,31.7,110.1,NA,NA,0,0,0
"804","CMR",2011,589,66.6,31.3,105.8,NA,NA,0,0,0
"805","CMR",2012,580,64.2,30.9,101.3,0,1,0,0,0
"806","CMR",2013,567,61.6,30.4,96.7,NA,NA,1,0,0
"807","CMR",2014,564,59.5,29.9,92.4,NA,NA,1047,1,0
"808","CMR",2015,554,57,29.3,88,NA,NA,1263,1,1
"809","CMR",2016,538,55.2,28.7,84.2,NA,NA,491,1,1
"810","CMR",2017,529,53.2,28,80.6,NA,NA,410,1,1
"811","CMR",2018,NA,51.3,27.4,77.3,NA,NA,1007,1,1
"812","CMR",2019,NA,49.9,26.8,74.7,NA,NA,NA,NA,NA
"813","COD",2000,760,106.5,38.4,159.3,NA,NA,3052,1,1
"814","COD",2001,740,104.4,38,154.9,NA,NA,1391,1,1
"815","COD",2002,734,102.2,37.6,150.4,NA,NA,7931,1,1
"816","COD",2003,699,99.9,37.2,145.7,NA,NA,4328,1,1
"817","COD",2004,661,97.5,36.6,140.9,NA,NA,795,1,1
"818","COD",2005,627,95.2,36,136.1,1,0,314,1,1
"819","COD",2006,598,92.8,35.3,131.4,NA,NA,390,1,1
"820","COD",2007,578,90.4,34.5,126.7,NA,NA,879,1,1
"821","COD",2008,565,88.1,33.8,122.3,1,0,1740,1,1
"822","COD",2009,555,85.8,33,118,NA,NA,5069,1,1
"823","COD",2010,542,83.5,32.3,113.8,NA,NA,799,1,1
"824","COD",2011,532,81.3,31.7,109.9,NA,NA,511,1,1
"825","COD",2012,524,79.1,31.1,106.1,NA,NA,1842,1,1
"826","COD",2013,514,77,30.6,102.5,NA,NA,2196,1,1
"827","COD",2014,500,75,30,99.2,NA,NA,1622,1,1
"828","COD",2015,490,73,29.5,95.9,1,0,737,1,1
"829","COD",2016,481,71.1,29,92.8,NA,NA,2194,1,1
"830","COD",2017,473,69.1,28.5,89.6,NA,NA,6031,1,1
"831","COD",2018,NA,67.3,27.9,86.6,NA,NA,3130,1,1
"832","COD",2019,NA,65.5,27.3,83.8,NA,NA,NA,NA,NA
"833","COG",2000,739,72.4,30.7,114.1,NA,NA,0,0,1
"834","COG",2001,752,70.7,30.2,111.1,NA,NA,3,0,0
"835","COG",2002,769,68,29.5,106.2,NA,NA,234,1,0
"836","COG",2003,757,64.6,28.6,100.2,NA,NA,33,1,1
"837","COG",2004,724,60.7,27.5,93.3,NA,NA,0,0,1
"838","COG",2005,677,56.8,26.5,86.4,NA,NA,15,0,0
"839","COG",2006,623,53.1,25.4,79.8,NA,NA,0,0,0
"840","COG",2007,580,49.8,24.5,74,NA,NA,2,0,0
"841","COG",2008,552,46.9,23.7,69,NA,NA,1,0,0
"842","COG",2009,526,44.7,23,65,NA,NA,0,0,0
"843","COG",2010,506,43,22.5,62,NA,NA,0,0,0
"844","COG",2011,488,41.7,22.1,59.7,NA,NA,1,0,0
"845","COG",2012,468,40.7,21.8,57.9,NA,NA,2,0,0
"846","COG",2013,449,39.7,21.4,56.2,NA,NA,0,0,0
"847","COG",2014,433,38.7,21.1,54.4,NA,NA,0,0,0
"848","COG",2015,416,37.6,20.7,52.6,NA,NA,0,0,0
"849","COG",2016,397,36.6,20.2,50.8,NA,NA,73,1,0
"850","COG",2017,378,35.6,19.9,49.1,NA,NA,20,0,1
"851","COG",2018,NA,34.7,19.4,47.6,NA,NA,0,0,0
"852","COG",2019,NA,35.9,19.1,52.5,NA,NA,NA,NA,NA
"853","COL",2000,94,21.2,13.5,25.1,1,0,4293,1,1
"854","COL",2001,93,20.6,13.1,24.3,NA,NA,4592,1,1
"855","COL",2002,92,19.9,12.7,23.5,NA,NA,4346,1,1
"856","COL",2003,88,19.4,12.4,22.8,NA,NA,1183,1,1
"857","COL",2004,85,18.9,12,22.1,1,0,1781,1,1
"858","COL",2004,85,18.9,12,22.1,1,0,1781,1,1
"859","COL",2005,83,18.3,11.7,21.5,NA,NA,1725,1,1
"860","COL",2006,82,17.8,11.3,20.8,NA,NA,588,1,1
"861","COL",2007,83,17.2,11,20.2,1,0,362,1,1
"862","COL",2008,84,16.7,10.6,19.5,1,0,252,1,1
"863","COL",2009,87,16.2,10.3,18.9,NA,NA,419,1,1
"864","COL",2010,85,15.7,10,18.3,NA,NA,442,1,1
"865","COL",2011,84,15.2,9.6,17.7,NA,NA,227,1,1
"866","COL",2012,85,14.7,9.3,17.1,NA,NA,227,1,1
"867","COL",2013,85,14.3,9,16.6,1,0,140,1,1
"868","COL",2014,85,13.8,8.7,16,NA,NA,156,1,1
"869","COL",2015,85,13.4,8.4,15.5,1,0,143,1,1
"870","COL",2015,85,13.4,8.4,15.5,0,1,143,1,1
"871","COL",2016,84,12.9,8.2,15,NA,NA,38,1,1
"872","COL",2017,83,12.5,7.9,14.6,NA,NA,87,1,1
"873","COL",2018,NA,12.1,7.7,14.1,NA,NA,245,1,1
"874","COL",2019,NA,11.7,7.4,13.6,NA,NA,NA,NA,NA
"875","COM",2000,444,72.4,40.8,100.6,NA,NA,0,0,0
"876","COM",2001,437,72.1,40.7,100.2,NA,NA,0,0,0
"877","COM",2002,429,72,40.5,100.1,NA,NA,0,0,0
"878","COM",2003,423,71.7,40.3,99.6,NA,NA,0,0,0
"879","COM",2004,414,71,40.1,98.5,NA,NA,0,0,0
"880","COM",2005,404,69.8,39.7,96.7,NA,NA,0,0,0
"881","COM",2006,393,68.4,39.2,94.4,NA,NA,0,0,0
"882","COM",2007,382,66.8,38.6,91.9,NA,NA,0,0,0
"883","COM",2008,370,65.3,38,89.5,NA,NA,0,0,0
"884","COM",2009,356,63.7,37.3,86.9,NA,NA,0,0,0
"885","COM",2010,341,62.2,36.6,84.6,NA,NA,0,0,0
"886","COM",2011,326,60.5,35.8,82,NA,NA,0,0,0
"887","COM",2012,313,58.9,35.1,79.4,NA,NA,0,0,0
"888","COM",2013,302,57.2,34.5,76.9,NA,NA,0,0,0
"889","COM",2014,293,55.8,33.6,74.7,1,0,0,0,0
"890","COM",2015,285,54.4,32.9,72.3,NA,NA,0,0,0
"891","COM",2016,279,53,32.1,70.1,NA,NA,0,0,0
"892","COM",2017,273,51.5,31.3,67.9,NA,NA,0,0,0
"893","COM",2018,NA,50.1,30.5,65.7,NA,NA,0,0,0
"894","COM",2019,NA,48.7,29.8,63.5,NA,NA,NA,NA,NA
"895","CPV",2000,118,31.1,18.1,38.1,NA,NA,0,0,0
"896","CPV",2001,109,28.4,17,34.4,NA,NA,0,0,0
"897","CPV",2002,101,26.3,16,31.6,0,1,0,0,0
"898","CPV",2003,96,24.8,15.4,29.8,NA,NA,0,0,0
"899","CPV",2004,91,24,15.1,28.6,NA,NA,0,0,0
"900","CPV",2005,86,23.5,15.1,28.1,NA,NA,0,0,0
"901","CPV",2006,82,23.4,15.3,27.9,NA,NA,0,0,0
"902","CPV",2007,78,23.3,15.4,27.8,NA,NA,0,0,0
"903","CPV",2008,75,23.1,15.6,27.5,NA,NA,0,0,0
"904","CPV",2009,72,22.7,15.5,27,NA,NA,0,0,0
"905","CPV",2010,70,22.1,15.3,26.3,NA,NA,0,0,0
"906","CPV",2011,67,21.3,14.9,25.2,NA,NA,0,0,0
"907","CPV",2012,65,20.3,14.3,24,NA,NA,0,0,0
"908","CPV",2013,63,19.2,13.5,22.5,NA,NA,0,0,0
"909","CPV",2014,62,17.9,12.6,21,NA,NA,0,0,0
"910","CPV",2015,61,16.7,11.8,19.5,NA,NA,0,0,0
"911","CPV",2016,59,15.5,10.9,18.1,NA,NA,0,0,0
"912","CPV",2017,58,14.5,10.2,16.8,0,1,0,0,0
"913","CPV",2018,NA,13.6,9.6,15.8,NA,NA,0,0,0
"914","CPV",2019,NA,12.8,9,14.9,NA,NA,NA,NA,NA
"915","CRI",2000,40,11.1,7.7,13.1,NA,NA,0,0,0
"916","CRI",2001,37,10.5,7.5,12.6,NA,NA,0,0,0
"917","CRI",2002,38,10.1,7.3,12.1,NA,NA,0,0,0
"918","CRI",2003,37,10,7.2,11.8,1,0,0,0,0
"919","CRI",2004,36,9.9,7.1,11.5,1,0,0,0,0
"920","CRI",2005,33,9.9,7.1,11.3,NA,NA,0,0,0
"921","CRI",2006,35,9.8,7,11.2,NA,NA,0,0,0
"922","CRI",2007,29,9.7,6.9,11.1,NA,NA,0,0,0
"923","CRI",2008,29,9.5,6.8,10.9,NA,NA,0,0,0
"924","CRI",2009,29,9.3,6.7,10.7,1,0,0,0,0
"925","CRI",2010,32,9.2,6.6,10.5,NA,NA,0,0,0
"926","CRI",2011,30,8.9,6.5,10.2,NA,NA,0,0,0
"927","CRI",2012,29,8.6,6.5,9.9,1,0,0,0,0
"928","CRI",2013,29,8.2,6.4,9.6,NA,NA,0,0,0
"929","CRI",2014,29,7.9,6.3,9.3,0,1,0,0,0
"930","CRI",2015,28,7.7,6.3,9.1,NA,NA,0,0,0
"931","CRI",2016,28,7.6,6.2,8.9,NA,NA,0,0,0
"932","CRI",2017,27,7.5,6.1,8.7,NA,NA,0,0,0
"933","CRI",2018,NA,7.4,5.9,8.4,0,1,0,0,0
"934","CRI",2019,NA,7.2,5.8,8.2,NA,NA,NA,NA,NA
"935","CUB",2000,46,7,4.3,8.8,0,1,0,0,0
"936","CUB",2001,44,6.8,4.2,8.5,NA,NA,0,0,0
"937","CUB",2002,41,6.5,4,8.2,NA,NA,0,0,0
"938","CUB",2003,41,6.3,3.8,7.9,NA,NA,0,0,0
"939","CUB",2004,40,6.1,3.6,7.6,0,1,0,0,0
"940","CUB",2005,41,5.9,3.4,7.4,NA,NA,0,0,0
"941","CUB",2006,38,5.7,3.3,7.2,NA,NA,0,0,0
"942","CUB",2007,38,5.5,3.2,6.9,NA,NA,0,0,0
"943","CUB",2008,40,5.4,3.1,6.7,NA,NA,0,0,0
"944","CUB",2009,40,5.2,3,6.5,NA,NA,0,0,0
"945","CUB",2010,41,5.1,2.9,6.4,NA,NA,0,0,0
"946","CUB",2011,38,5,2.8,6.2,NA,NA,0,0,0
"947","CUB",2012,39,4.8,2.7,6.1,NA,NA,0,0,0
"948","CUB",2013,40,4.7,2.6,5.9,NA,NA,0,0,0
"949","CUB",2014,39,4.6,2.5,5.8,NA,NA,0,0,0
"950","CUB",2015,38,4.5,2.4,5.7,0,1,0,0,0
"951","CUB",2016,37,4.4,2.3,5.5,NA,NA,0,0,0
"952","CUB",2017,36,4.3,2.3,5.4,NA,NA,0,0,0
"953","CUB",2018,NA,4.3,2.3,5.3,NA,NA,0,0,0
"954","CUB",2019,NA,4.2,2.3,5.2,NA,NA,NA,NA,NA
"955","CYP",2000,14,5.6,3.7,6.5,0,1,0,0,0
"956","CYP",2001,9,5.2,3.4,6,NA,NA,0,0,0
"957","CYP",2002,10,4.8,3.2,5.6,NA,NA,0,0,0
"958","CYP",2003,9,4.5,3,5.2,NA,NA,0,0,0
"959","CYP",2004,9,4.1,2.8,4.8,NA,NA,0,0,0
"960","CYP",2005,12,3.8,2.6,4.5,NA,NA,0,0,0
"961","CYP",2006,9,3.6,2.4,4.2,NA,NA,0,0,0
"962","CYP",2007,8,3.3,2.3,3.9,NA,NA,0,0,0
"963","CYP",2008,9,3.1,2.1,3.7,NA,NA,0,0,0
"964","CYP",2009,8,3,2,3.5,NA,NA,0,0,0
"965","CYP",2010,8,2.8,1.9,3.4,NA,NA,0,0,0
"966","CYP",2011,8,2.7,1.9,3.2,NA,NA,0,0,0
"967","CYP",2012,7,2.6,1.8,3.1,NA,NA,0,0,0
"968","CYP",2013,6,2.5,1.8,3,NA,NA,0,0,0
"969","CYP",2014,8,2.4,1.7,2.9,NA,NA,0,0,0
"970","CYP",2015,7,2.4,1.7,2.9,NA,NA,0,0,0
"971","CYP",2016,6,2.4,1.7,2.9,NA,NA,0,0,0
"972","CYP",2017,6,2.3,1.7,2.8,NA,NA,0,0,0
"973","CYP",2018,NA,2.3,1.7,2.8,NA,NA,0,0,0
"974","CYP",2019,NA,2.3,1.7,2.8,NA,NA,NA,NA,NA
"975","CZE",2000,7,4.5,2.7,5.5,NA,NA,0,0,0
"976","CZE",2001,7,4.3,2.5,5.2,NA,NA,0,0,0
"977","CZE",2002,6,4.1,2.4,5,NA,NA,0,0,0
"978","CZE",2003,6,3.9,2.4,4.8,NA,NA,0,0,0
"979","CZE",2004,5,3.7,2.3,4.6,NA,NA,0,0,0
"980","CZE",2005,5,3.6,2.2,4.4,NA,NA,0,0,0
"981","CZE",2006,5,3.4,2.1,4.1,NA,NA,0,0,0
"982","CZE",2007,5,3.2,2,3.9,NA,NA,0,0,0
"983","CZE",2008,5,3,1.9,3.7,NA,NA,0,0,0
"984","CZE",2009,4,2.9,1.8,3.5,NA,NA,0,0,0
"985","CZE",2010,4,2.7,1.7,3.4,NA,NA,0,0,0
"986","CZE",2011,4,2.6,1.6,3.3,NA,NA,0,0,0
"987","CZE",2012,4,2.6,1.6,3.2,NA,NA,0,0,0
"988","CZE",2013,4,2.5,1.6,3.1,NA,NA,0,0,0
"989","CZE",2014,4,2.5,1.6,3.1,NA,NA,0,0,0
"990","CZE",2015,4,2.5,1.6,3.2,NA,NA,0,0,0
"991","CZE",2016,4,2.6,1.6,3.2,NA,NA,0,0,0
"992","CZE",2017,3,2.6,1.6,3.2,NA,NA,0,0,0
"993","CZE",2018,NA,2.5,1.6,3.1,NA,NA,0,0,0
"994","CZE",2019,NA,2.4,1.6,3,NA,NA,NA,NA,NA
"995","DEU",2000,7,4.4,2.8,5.4,NA,NA,0,0,0
"996","DEU",2001,7,4.3,2.7,5.2,NA,NA,0,0,0
"997","DEU",2002,7,4.2,2.7,5.1,NA,NA,0,0,0
"998","DEU",2003,6,4.1,2.7,5,NA,NA,0,0,0
"999","DEU",2004,6,4,2.6,4.9,1,0,0,0,0
"1000","DEU",2005,6,3.9,2.6,4.7,NA,NA,0,0,0
"1001","DEU",2006,6,3.8,2.6,4.6,NA,NA,0,0,0
"1002","DEU",2007,6,3.7,2.5,4.5,NA,NA,0,0,0
"1003","DEU",2008,6,3.6,2.4,4.4,NA,NA,0,0,0
"1004","DEU",2009,6,3.5,2.4,4.3,NA,NA,0,0,0
"1005","DEU",2010,6,3.5,2.3,4.2,NA,NA,0,0,0
"1006","DEU",2011,6,3.4,2.3,4.1,NA,NA,0,0,0
"1007","DEU",2012,5,3.4,2.3,4,NA,NA,0,0,0
"1008","DEU",2013,5,3.3,2.3,4,NA,NA,0,0,0
"1009","DEU",2014,5,3.3,2.3,4,NA,NA,0,0,0
"1010","DEU",2015,5,3.3,2.3,3.9,NA,NA,0,0,0
"1011","DEU",2016,5,3.3,2.3,3.9,NA,NA,12,0,0
"1012","DEU",2017,7,3.3,2.3,3.9,NA,NA,0,0,0
"1013","DEU",2018,NA,3.2,2.3,3.8,NA,NA,0,0,0
"1014","DEU",2019,NA,3.2,2.3,3.7,NA,NA,NA,NA,NA
"1015","DJI",2000,507,79.9,43.9,101,NA,NA,0,0,1
"1016","DJI",2001,490,78.2,43.4,98.6,NA,NA,0,0,0
"1017","DJI",2002,470,76.5,42.7,96.1,NA,NA,0,0,0
"1018","DJI",2003,449,74.7,42.1,93.6,NA,NA,0,0,0
"1019","DJI",2004,426,72.9,41.6,91.1,NA,NA,0,0,0
"1020","DJI",2005,393,71.2,40.9,88.7,0,1,0,0,0
"1021","DJI",2006,361,69.4,40.3,86.1,NA,NA,0,0,0
"1022","DJI",2007,335,67.6,39.7,83.6,0,1,0,0,0
"1023","DJI",2008,320,65.9,39,81.2,0,1,35,1,0
"1024","DJI",2009,299,64.2,38.4,78.8,NA,NA,0,0,1
"1025","DJI",2010,283,62.5,37.6,76.6,0,1,0,0,0
"1026","DJI",2011,272,60.9,37,74.4,NA,NA,0,0,0
"1027","DJI",2012,262,59.3,36.3,72.2,NA,NA,0,0,0
"1028","DJI",2013,256,57.8,35.4,70.1,NA,NA,0,0,0
"1029","DJI",2014,256,56.2,34.7,68,NA,NA,1,0,0
"1030","DJI",2015,247,54.6,34,65.8,NA,NA,0,0,0
"1031","DJI",2016,246,53.1,33.2,63.8,NA,NA,0,0,0
"1032","DJI",2017,248,51.6,32.5,61.8,NA,NA,0,0,0
"1033","DJI",2018,NA,50.1,31.8,59.7,NA,NA,6,0,0
"1034","DJI",2019,NA,48.6,31.1,57.8,NA,NA,NA,NA,NA
"1035","DMA",2000,NA,14.1,12.9,16.9,NA,NA,0,0,0
"1036","DMA",2001,NA,14.5,13.3,17.3,NA,NA,0,0,0
"1037","DMA",2002,NA,14.9,13.8,17.8,NA,NA,0,0,0
"1038","DMA",2003,NA,15.5,14.4,18.4,NA,NA,0,0,0
"1039","DMA",2004,NA,16.1,14.9,19,1,0,0,0,0
"1040","DMA",2005,NA,16.8,15.6,19.7,NA,NA,0,0,0
"1041","DMA",2006,NA,17.5,16.2,20.5,NA,NA,0,0,0
"1042","DMA",2007,NA,18.3,17,21.4,NA,NA,0,0,0
"1043","DMA",2008,NA,19.2,17.8,22.3,NA,NA,0,0,0
"1044","DMA",2009,NA,20.2,18.7,23.4,NA,NA,0,0,0
"1045","DMA",2010,NA,21.3,19.6,24.6,NA,NA,0,0,0
"1046","DMA",2011,NA,22.5,20.7,25.8,NA,NA,0,0,0
"1047","DMA",2012,NA,23.7,21.7,27.1,NA,NA,0,0,0
"1048","DMA",2013,NA,25,22.8,28.4,NA,NA,0,0,0
"1049","DMA",2014,NA,26.2,23.9,29.8,NA,NA,0,0,0
"1050","DMA",2015,NA,27.5,25,31.1,NA,NA,0,0,0
"1051","DMA",2016,NA,28.7,26.1,32.4,NA,NA,0,0,0
"1052","DMA",2017,NA,29.7,27.2,33.5,NA,NA,0,0,0
"1053","DMA",2018,NA,30.6,28.3,34.4,NA,NA,0,0,0
"1054","DMA",2019,NA,31.2,29.2,35,NA,NA,NA,NA,NA
"1055","DNK",2000,8,4.7,3.5,5.7,NA,NA,0,0,0
"1056","DNK",2001,8,4.7,3.4,5.6,NA,NA,0,0,0
"1057","DNK",2002,8,4.6,3.2,5.5,NA,NA,0,0,0
"1058","DNK",2003,7,4.5,3.2,5.4,NA,NA,0,0,0
"1059","DNK",2004,7,4.3,3.1,5.2,NA,NA,0,0,0
"1060","DNK",2005,6,4.2,3.1,5,NA,NA,0,0,0
"1061","DNK",2006,6,4,3,4.8,NA,NA,0,0,0
"1062","DNK",2007,6,3.8,2.9,4.5,NA,NA,0,0,0
"1063","DNK",2008,6,3.7,2.8,4.4,NA,NA,0,0,0
"1064","DNK",2009,6,3.6,2.8,4.2,NA,NA,0,0,0
"1065","DNK",2010,5,3.5,2.8,4.1,NA,NA,0,0,0
"1066","DNK",2011,5,3.4,2.9,4.1,NA,NA,0,0,0
"1067","DNK",2012,5,3.5,3,4.1,NA,NA,0,0,0
"1068","DNK",2013,4,3.5,3,4.1,NA,NA,0,0,0
"1069","DNK",2014,4,3.5,3,4.1,NA,NA,0,0,0
"1070","DNK",2015,4,3.5,3,4.1,NA,NA,0,0,0
"1071","DNK",2016,4,3.5,2.9,4.1,NA,NA,0,0,0
"1072","DNK",2017,4,3.4,2.8,4,NA,NA,0,0,0
"1073","DNK",2018,NA,3.3,2.7,3.9,NA,NA,0,0,0
"1074","DNK",2019,NA,3.2,2.6,3.7,NA,NA,NA,NA,NA
"1075","DOM",2000,80,32.4,23.3,40,NA,NA,0,0,0
"1076","DOM",2001,75,31.7,23.2,39,NA,NA,0,0,0
"1077","DOM",2002,75,31.1,23.1,38.1,NA,NA,0,0,0
"1078","DOM",2003,76,30.6,23.1,37.4,1,0,0,0,0
"1079","DOM",2004,81,30.1,23.2,36.9,NA,NA,0,0,0
"1080","DOM",2005,83,29.8,23.4,36.4,NA,NA,0,0,0
"1081","DOM",2006,86,29.5,23.6,36,NA,NA,0,0,0
"1082","DOM",2007,90,29.3,23.8,35.7,NA,NA,0,0,0
"1083","DOM",2008,92,29.1,24,35.5,NA,NA,0,0,0
"1084","DOM",2009,95,29,24.1,35.3,NA,NA,0,0,0
"1085","DOM",2010,96,28.9,24.2,35.1,NA,NA,0,0,0
"1086","DOM",2011,95,28.8,24.3,35,NA,NA,0,0,0
"1087","DOM",2012,94,28.8,24.3,35,NA,NA,0,0,0
"1088","DOM",2013,94,28.8,24.3,35,NA,NA,0,0,0
"1089","DOM",2014,94,28.8,24.4,35,NA,NA,0,0,0
"1090","DOM",2015,94,28.8,24.4,35,NA,NA,0,0,0
"1091","DOM",2016,94,28.8,24.5,35,NA,NA,0,0,0
"1092","DOM",2017,95,28.7,24.4,34.9,NA,NA,0,0,0
"1093","DOM",2018,NA,28.6,24.2,34.8,NA,NA,0,0,0
"1094","DOM",2019,NA,28.3,23.9,34.4,NA,NA,NA,NA,NA
"1095","DZA",2000,161,33.9,21.1,39.7,NA,NA,1193,1,1
"1096","DZA",2001,155,33.3,21.1,38.9,NA,NA,674,1,1
"1097","DZA",2002,148,32.4,20.9,37.8,NA,NA,1058,1,1
"1098","DZA",2003,145,31.3,20.8,36.5,1,0,714,1,1
"1099","DZA",2003,145,31.3,20.8,36.5,1,0,714,1,1
"1100","DZA",2004,134,30.1,20.4,35.1,1,0,500,1,1
"1101","DZA",2004,134,30.1,20.4,35.1,1,0,500,1,1
"1102","DZA",2005,127,28.8,20.1,33.6,NA,NA,232,1,1
"1103","DZA",2006,122,27.6,19.8,32.1,1,0,292,1,1
"1104","DZA",2007,119,26.4,19.4,30.7,NA,NA,495,1,1
"1105","DZA",2008,117,25.3,18.9,29.5,NA,NA,345,1,1
"1106","DZA",2009,117,24.4,18.2,28.4,NA,NA,541,1,1
"1107","DZA",2010,115,23.6,17.5,27.4,NA,NA,252,1,1
"1108","DZA",2011,116,22.9,17.1,26.7,NA,NA,276,1,1
"1109","DZA",2012,116,22.5,16.9,26.2,NA,NA,264,1,1
"1110","DZA",2013,115,22.1,16.4,25.8,NA,NA,222,1,1
"1111","DZA",2014,114,21.9,15.7,25.5,1,0,111,1,1
"1112","DZA",2015,114,21.6,15.1,25.2,NA,NA,110,1,1
"1113","DZA",2016,113,21.3,15.1,24.8,NA,NA,89,1,1
"1114","DZA",2017,112,20.9,15.6,24.3,NA,NA,77,1,1
"1115","DZA",2018,NA,20.4,16,23.8,NA,NA,35,1,1
"1116","DZA",2019,NA,20,16.3,23.3,NA,NA,NA,NA,NA
"1117","ECU",2000,122,24.7,14.1,29.5,NA,NA,0,0,0
"1118","ECU",2001,117,23.4,13.4,28,NA,NA,2,0,0
"1119","ECU",2002,110,22.4,12.7,26.6,NA,NA,0,0,0
"1120","ECU",2003,100,21.5,12.1,25.4,NA,NA,26,1,0
"1121","ECU",2004,94,20.7,11.6,24.4,NA,NA,0,0,1
"1122","ECU",2005,94,19.9,11.1,23.5,NA,NA,0,0,0
"1123","ECU",2006,90,19.2,10.6,22.6,NA,NA,0,0,0
"1124","ECU",2007,85,18.5,10.2,21.7,NA,NA,0,0,0
"1125","ECU",2008,82,17.7,9.7,20.8,NA,NA,25,1,0
"1126","ECU",2009,80,17,9.3,19.9,0,1,0,0,1
"1127","ECU",2010,78,16.3,8.9,19,NA,NA,0,0,0
"1128","ECU",2011,76,15.6,8.5,18.1,NA,NA,0,0,0
"1129","ECU",2012,71,14.9,8.1,17.3,NA,NA,0,0,0
"1130","ECU",2013,67,14.3,7.8,16.6,0,1,0,0,0
"1131","ECU",2014,65,13.7,7.5,15.9,1,0,0,0,0
"1132","ECU",2015,63,13.2,7.3,15.4,NA,NA,0,0,0
"1133","ECU",2016,61,12.8,7.1,14.8,1,0,0,0,0
"1134","ECU",2016,61,12.8,7.1,14.8,1,0,0,0,0
"1135","ECU",2017,59,12.4,6.9,14.4,NA,NA,0,0,0
"1136","ECU",2018,NA,12,6.9,13.9,NA,NA,0,0,0
"1137","ECU",2019,NA,11.6,6.8,13.4,1,0,NA,NA,NA
"1138","ECU",2019,NA,11.6,6.8,13.4,1,0,NA,NA,NA
"1139","EGY",2000,64,37.1,22.4,46.6,NA,NA,5,0,0
"1140","EGY",2001,63,35.2,21.7,43.9,NA,NA,0,0,0
"1141","EGY",2002,60,33.5,21,41.5,1,0,0,0,0
"1142","EGY",2003,57,32,20.3,39.4,NA,NA,0,0,0
"1143","EGY",2004,54,30.6,19.7,37.5,NA,NA,35,1,0
"1144","EGY",2005,52,29.3,19,35.7,NA,NA,124,1,1
"1145","EGY",2006,50,28.2,18.2,34.2,NA,NA,2,0,1
"1146","EGY",2007,47,27.1,17.5,32.7,NA,NA,0,0,0
"1147","EGY",2008,45,26,16.7,31.3,NA,NA,2,0,0
"1148","EGY",2009,45,25,16,29.9,NA,NA,1,0,0
"1149","EGY",2010,45,24,15.2,28.7,NA,NA,1,0,0
"1150","EGY",2011,42,23.1,14.6,27.5,NA,NA,31,1,0
"1151","EGY",2012,42,22.2,13.9,26.3,NA,NA,75,1,1
"1152","EGY",2013,40,21.3,13.4,25.3,NA,NA,135,1,1
"1153","EGY",2014,39,20.5,12.8,24.3,NA,NA,249,1,1
"1154","EGY",2015,39,19.8,12.3,23.3,NA,NA,991,1,1
"1155","EGY",2016,38,19.1,11.9,22.5,NA,NA,404,1,1
"1156","EGY",2017,37,18.5,11.5,21.7,NA,NA,902,1,1
"1157","EGY",2018,NA,17.8,11.1,20.9,NA,NA,692,1,1
"1158","EGY",2019,NA,17.2,10.7,20.1,NA,NA,NA,NA,NA
"1159","ERI",2000,1280,56.1,27,85.2,NA,NA,1793,1,1
"1160","ERI",2001,1180,53.8,26.5,81.1,NA,NA,0,0,1
"1161","ERI",2002,1130,51.6,26.1,77.3,NA,NA,0,0,0
"1162","ERI",2003,1060,49.6,25.6,73.8,NA,NA,57,1,0
"1163","ERI",2004,938,47.8,25.2,70.5,NA,NA,0,0,1
"1164","ERI",2005,804,46.1,24.7,67.5,NA,NA,0,0,0
"1165","ERI",2006,705,44.5,24.2,64.6,NA,NA,0,0,0
"1166","ERI",2007,635,43,23.7,61.9,NA,NA,0,0,0
"1167","ERI",2008,605,41.5,23.2,59.4,0,1,0,0,0
"1168","ERI",2009,583,40.2,22.6,57.1,NA,NA,0,0,0
"1169","ERI",2010,567,39,22.1,55.1,NA,NA,0,0,0
"1170","ERI",2011,558,37.9,21.5,53.1,NA,NA,0,0,0
"1171","ERI",2012,549,36.8,21.1,51.2,NA,NA,0,0,0
"1172","ERI",2013,540,35.8,20.6,49.5,NA,NA,0,0,0
"1173","ERI",2014,530,34.9,20.2,47.9,NA,NA,0,0,0
"1174","ERI",2015,518,34,19.7,46.3,NA,NA,0,0,0
"1175","ERI",2016,498,33.1,19.3,44.8,NA,NA,25,1,0
"1176","ERI",2017,480,32.2,18.9,43.3,NA,NA,0,0,1
"1177","ERI",2018,NA,31.3,18.5,41.9,NA,NA,0,0,0
"1178","ERI",2019,NA,30.5,18.1,40.6,NA,NA,NA,NA,NA
"1179","ESP",2000,5,4.4,2.8,5.4,NA,NA,20,0,0
"1180","ESP",2001,5,4.3,2.7,5.3,NA,NA,13,0,0
"1181","ESP",2002,5,4.2,2.7,5.1,NA,NA,5,0,0
"1182","ESP",2003,5,4.1,2.6,5,NA,NA,3,0,0
"1183","ESP",2004,5,3.9,2.5,4.9,NA,NA,191,1,0
"1184","ESP",2005,5,3.8,2.4,4.7,NA,NA,0,0,1
"1185","ESP",2006,4,3.7,2.3,4.5,NA,NA,0,0,0
"1186","ESP",2007,4,3.6,2.2,4.4,NA,NA,0,0,0
"1187","ESP",2008,4,3.4,2.2,4.2,NA,NA,2,0,0
"1188","ESP",2009,4,3.3,2.1,4,NA,NA,3,0,0
"1189","ESP",2010,4,3.1,2.1,3.8,NA,NA,0,0,0
"1190","ESP",2011,4,3,2.1,3.7,1,0,1,0,0
"1191","ESP",2012,4,2.9,2.1,3.6,NA,NA,0,0,0
"1192","ESP",2013,4,2.8,2,3.5,NA,NA,0,0,0
"1193","ESP",2014,4,2.8,2,3.4,NA,NA,0,0,0
"1194","ESP",2015,4,2.7,1.9,3.3,NA,NA,0,0,0
"1195","ESP",2016,4,2.7,1.9,3.3,NA,NA,0,0,0
"1196","ESP",2017,4,2.7,1.9,3.3,NA,NA,16,0,0
"1197","ESP",2018,NA,2.7,1.8,3.3,NA,NA,0,0,0
"1198","ESP",2019,NA,2.7,1.8,3.3,NA,NA,NA,NA,NA
"1199","EST",2000,29,8.7,5.3,10.9,NA,NA,0,0,0
"1200","EST",2001,27,8,4.8,10.1,NA,NA,0,0,0
"1201","EST",2002,25,7.3,4.4,9.3,NA,NA,0,0,0
"1202","EST",2003,20,6.7,4,8.5,NA,NA,0,0,0
"1203","EST",2004,18,6.2,3.7,7.8,NA,NA,0,0,0
"1204","EST",2005,18,5.7,3.4,7.2,NA,NA,0,0,0
"1205","EST",2006,16,5.2,3.1,6.6,NA,NA,0,0,0
"1206","EST",2007,17,4.7,2.8,6,NA,NA,0,0,0
"1207","EST",2008,14,4.3,2.5,5.5,NA,NA,0,0,0
"1208","EST",2009,14,4,2.3,5,NA,NA,0,0,0
"1209","EST",2010,11,3.6,2.1,4.6,NA,NA,0,0,0
"1210","EST",2011,13,3.3,1.9,4.2,NA,NA,0,0,0
"1211","EST",2012,12,3,1.7,3.9,NA,NA,0,0,0
"1212","EST",2013,10,2.8,1.6,3.6,NA,NA,0,0,0
"1213","EST",2014,11,2.6,1.5,3.3,NA,NA,0,0,0
"1214","EST",2015,10,2.4,1.4,3.1,NA,NA,0,0,0
"1215","EST",2016,11,2.2,1.3,2.8,NA,NA,0,0,0
"1216","EST",2017,9,2.1,1.2,2.6,NA,NA,0,0,0
"1217","EST",2018,NA,1.9,1.1,2.4,NA,NA,0,0,0
"1218","EST",2019,NA,1.8,1,2.3,NA,NA,NA,NA,NA
"1219","ETH",2000,1030,87.2,48.6,140.7,NA,NA,48666,1,1
"1220","ETH",2001,988,83.8,47.8,134.6,NA,NA,388,1,1
"1221","ETH",2002,985,80.3,46.8,128.3,NA,NA,809,1,1
"1222","ETH",2003,972,76.7,45.8,121.8,0,1,1093,1,1
"1223","ETH",2004,929,73.1,44.8,115.3,NA,NA,475,1,1
"1224","ETH",2005,865,69.5,43.7,108.9,0,1,290,1,1
"1225","ETH",2006,795,66.1,42.6,102.8,NA,NA,430,1,1
"1226","ETH",2007,731,62.8,41.4,97,NA,NA,500,1,1
"1227","ETH",2008,681,59.8,40.2,91.6,0,1,311,1,1
"1228","ETH",2009,638,57,39.1,86.7,0,1,590,1,1
"1229","ETH",2010,597,54.3,37.9,82,0,1,152,1,1
"1230","ETH",2011,558,51.9,36.7,77.7,0,1,66,1,1
"1231","ETH",2012,527,49.5,35.5,73.5,NA,NA,385,1,1
"1232","ETH",2013,498,47.3,34.3,69.6,NA,NA,88,1,1
"1233","ETH",2014,472,45.2,33.1,65.9,NA,NA,39,1,1
"1234","ETH",2015,446,43.2,31.9,62.4,0,1,307,1,1
"1235","ETH",2016,422,41.3,30.7,59,NA,NA,529,1,1
"1236","ETH",2017,401,39.5,29.7,55.9,NA,NA,475,1,1
"1237","ETH",2018,NA,38,28.7,53.2,NA,NA,687,1,1
"1238","ETH",2019,NA,36.6,27.8,50.8,NA,NA,NA,NA,NA
"1239","FIN",2000,6,3.5,2.5,4.3,NA,NA,0,0,0
"1240","FIN",2001,5,3.4,2.4,4.2,NA,NA,0,0,0
"1241","FIN",2002,5,3.3,2.3,4.1,NA,NA,0,0,0
"1242","FIN",2003,5,3.3,2.2,4,NA,NA,0,0,0
"1243","FIN",2004,5,3.2,2.1,3.9,NA,NA,0,0,0
"1244","FIN",2005,5,3.1,2.1,3.7,NA,NA,0,0,0
"1245","FIN",2006,4,3,2,3.6,NA,NA,0,0,0
"1246","FIN",2007,4,2.8,1.9,3.5,NA,NA,0,0,0
"1247","FIN",2008,4,2.7,1.8,3.3,NA,NA,0,0,0
"1248","FIN",2009,4,2.6,1.8,3.2,NA,NA,0,0,0
"1249","FIN",2010,4,2.5,1.7,3,NA,NA,0,0,0
"1250","FIN",2011,4,2.4,1.6,2.9,NA,NA,0,0,0
"1251","FIN",2012,4,2.3,1.5,2.8,NA,NA,0,0,0
"1252","FIN",2013,4,2.2,1.4,2.7,NA,NA,0,0,0
"1253","FIN",2014,3,2.1,1.4,2.6,NA,NA,0,0,0
"1254","FIN",2015,3,2,1.4,2.5,NA,NA,0,0,0
"1255","FIN",2016,3,2,1.4,2.4,NA,NA,0,0,0
"1256","FIN",2017,3,2,1.4,2.4,NA,NA,0,0,0
"1257","FIN",2018,NA,1.9,1.4,2.4,NA,NA,0,0,0
"1258","FIN",2019,NA,1.9,1.4,2.3,NA,NA,NA,NA,NA
"1259","FJI",2000,51,19.1,10.1,22.4,NA,NA,0,0,0
"1260","FJI",2001,49,19,10.2,22.3,NA,NA,0,0,0
"1261","FJI",2002,48,19,10.5,22.4,NA,NA,0,0,0
"1262","FJI",2003,48,19.2,11,22.5,NA,NA,0,0,0
"1263","FJI",2004,47,19.4,11.4,22.8,NA,NA,0,0,0
"1264","FJI",2005,46,19.7,11.6,23.1,NA,NA,0,0,0
"1265","FJI",2006,44,19.9,11.5,23.4,NA,NA,0,0,0
"1266","FJI",2007,43,20.1,11,23.7,NA,NA,0,0,0
"1267","FJI",2008,42,20.2,10.3,23.8,NA,NA,0,0,0
"1268","FJI",2009,40,20.1,9.7,23.7,NA,NA,0,0,0
"1269","FJI",2010,39,20,9.3,23.6,NA,NA,0,0,0
"1270","FJI",2011,38,20,9,23.6,NA,NA,0,0,0
"1271","FJI",2012,38,20,9,23.5,NA,NA,0,0,0
"1272","FJI",2013,37,20.1,9.1,23.7,NA,NA,0,0,0
"1273","FJI",2014,36,20.3,9.4,23.9,NA,NA,0,0,0
"1274","FJI",2015,35,20.6,9.8,24.4,0,1,0,0,0
"1275","FJI",2016,34,21.1,10.2,24.9,NA,NA,0,0,0
"1276","FJI",2017,34,21.5,10.6,25.5,NA,NA,0,0,0
"1277","FJI",2018,NA,22.1,11,26.2,NA,NA,0,0,0
"1278","FJI",2019,NA,22.6,11.4,26.9,NA,NA,NA,NA,NA
"1279","FRA",2000,10,4.1,2.8,5.4,NA,NA,0,0,0
"1280","FRA",2001,10,3.9,2.7,5.3,NA,NA,0,0,0
"1281","FRA",2002,10,3.7,2.7,5.1,NA,NA,0,0,0
"1282","FRA",2003,9,3.6,2.6,4.9,NA,NA,0,0,0
"1283","FRA",2004,9,3.4,2.5,4.8,NA,NA,0,0,0
"1284","FRA",2005,9,3.3,2.4,4.6,NA,NA,0,0,0
"1285","FRA",2006,9,3.3,2.4,4.5,NA,NA,0,0,0
"1286","FRA",2007,9,3.2,2.4,4.4,NA,NA,2,0,0
"1287","FRA",2008,9,3.2,2.4,4.4,NA,NA,0,0,0
"1288","FRA",2009,9,3.1,2.4,4.3,NA,NA,0,0,0
"1289","FRA",2010,9,3.1,2.3,4.2,NA,NA,0,0,0
"1290","FRA",2011,9,3.1,2.3,4.2,NA,NA,0,0,0
"1291","FRA",2012,9,3.1,2.3,4.1,NA,NA,4,0,0
"1292","FRA",2013,9,3.1,2.3,4.1,NA,NA,0,0,0
"1293","FRA",2014,8,3.1,2.4,4.1,NA,NA,0,0,0
"1294","FRA",2015,8,3.2,2.4,4.2,NA,NA,133,1,0
"1295","FRA",2016,8,3.2,2.5,4.2,NA,NA,87,1,1
"1296","FRA",2017,8,3.3,2.6,4.3,NA,NA,2,0,1
"1297","FRA",2018,NA,3.4,2.6,4.3,NA,NA,13,0,0
"1298","FRA",2019,NA,3.4,2.6,4.3,1,0,NA,NA,NA
"1299","FSM",2000,154,30.8,20,37.8,NA,NA,0,0,0
"1300","FSM",2001,150,30,19.6,36.7,NA,NA,0,0,0
"1301","FSM",2002,163,29.4,19.2,35.9,NA,NA,0,0,0
"1302","FSM",2003,141,29,18.8,35.2,NA,NA,0,0,0
"1303","FSM",2004,137,28.7,18.6,34.8,NA,NA,0,0,0
"1304","FSM",2005,133,28.6,18.5,34.7,NA,NA,0,0,0
"1305","FSM",2006,128,28.5,18.4,34.6,NA,NA,0,0,0
"1306","FSM",2007,123,28.4,18.3,34.5,NA,NA,0,0,0
"1307","FSM",2008,118,28.2,18.2,34.2,NA,NA,0,0,0
"1308","FSM",2009,114,27.8,17.9,33.7,NA,NA,0,0,0
"1309","FSM",2010,110,27.4,17.5,33.1,NA,NA,0,0,0
"1310","FSM",2011,106,26.8,17.1,32.3,NA,NA,0,0,0
"1311","FSM",2012,103,26.2,16.7,31.6,NA,NA,0,0,0
"1312","FSM",2013,99,25.6,16.2,30.7,NA,NA,0,0,0
"1313","FSM",2014,96,24.9,15.6,29.9,NA,NA,0,0,0
"1314","FSM",2015,95,24.2,15.2,28.9,NA,NA,0,0,0
"1315","FSM",2016,90,23.5,14.7,28,0,1,0,0,0
"1316","FSM",2017,88,22.7,14.2,27,NA,NA,0,0,0
"1317","FSM",2018,NA,22.1,13.7,26.2,NA,NA,0,0,0
"1318","FSM",2019,NA,21.5,13.3,25.4,NA,NA,NA,NA,NA
"1319","GAB",2000,380,53.3,26.9,82.9,NA,NA,0,0,0
"1320","GAB",2001,370,52.3,26.6,81.4,NA,NA,0,0,0
"1321","GAB",2002,361,51.2,26.3,79.6,NA,NA,0,0,0
"1322","GAB",2003,356,50.2,26,77.8,NA,NA,0,0,0
"1323","GAB",2004,354,49,25.7,75.8,NA,NA,0,0,0
"1324","GAB",2005,348,47.7,25.4,73.6,NA,NA,0,0,0
"1325","GAB",2006,340,46.6,25.1,71.6,NA,NA,0,0,0
"1326","GAB",2007,336,45.2,24.8,69.2,NA,NA,0,0,0
"1327","GAB",2008,332,43.9,24.5,66.7,NA,NA,0,0,0
"1328","GAB",2009,324,42.9,24.2,64.2,NA,NA,0,0,0
"1329","GAB",2010,314,41.6,23.8,61.7,NA,NA,0,0,0
"1330","GAB",2011,304,40.4,23.5,59.3,NA,NA,0,0,0
"1331","GAB",2012,292,39.1,23.1,57.1,NA,NA,0,0,0
"1332","GAB",2013,277,37.9,22.7,54.9,NA,NA,0,0,0
"1333","GAB",2014,267,37.2,22.2,52.8,NA,NA,0,0,0
"1334","GAB",2015,261,36.1,21.8,50.3,NA,NA,0,0,0
"1335","GAB",2016,256,34.6,21.3,47.4,NA,NA,0,0,0
"1336","GAB",2017,252,33.7,20.9,45.5,NA,NA,0,0,0
"1337","GAB",2018,NA,32.5,20.5,44.1,NA,NA,0,0,0
"1338","GAB",2019,NA,31.5,20.1,43,NA,NA,NA,NA,NA
"1339","GBR",2000,10,5.6,3.8,6.5,NA,NA,1,0,0
"1340","GBR",2001,11,5.5,3.7,6.4,NA,NA,1,0,0
"1341","GBR",2002,11,5.4,3.6,6.3,NA,NA,3,0,0
"1342","GBR",2003,11,5.3,3.6,6.2,NA,NA,1,0,0
"1343","GBR",2004,11,5.2,3.5,6.1,NA,NA,1,0,0
"1344","GBR",2005,11,5.1,3.5,6,NA,NA,53,1,0
"1345","GBR",2006,11,5,3.4,5.9,NA,NA,0,0,1
"1346","GBR",2007,11,4.9,3.3,5.8,1,0,0,0,0
"1347","GBR",2008,11,4.8,3.2,5.6,NA,NA,0,0,0
"1348","GBR",2009,10,4.6,3.1,5.4,NA,NA,2,0,0
"1349","GBR",2010,10,4.4,3,5.2,NA,NA,0,0,0
"1350","GBR",2011,9,4.3,3,5,NA,NA,1,0,0
"1351","GBR",2012,8,4.1,2.9,4.8,NA,NA,0,0,0
"1352","GBR",2013,8,4,2.8,4.7,NA,NA,0,0,0
"1353","GBR",2014,8,3.9,2.7,4.5,NA,NA,0,0,0
"1354","GBR",2015,8,3.8,2.7,4.5,NA,NA,0,0,0
"1355","GBR",2016,7,3.8,2.7,4.4,NA,NA,0,0,0
"1356","GBR",2017,7,3.8,2.8,4.4,NA,NA,0,0,0
"1357","GBR",2018,NA,3.7,2.8,4.3,NA,NA,0,0,0
"1358","GBR",2019,NA,3.7,2.8,4.3,NA,NA,NA,NA,NA
"1359","GEO",2000,31,31.9,22.8,36.6,0,1,0,0,0
"1360","GEO",2001,33,29.9,21.7,34.1,NA,NA,0,0,0
"1361","GEO",2002,42,27.7,20.3,31.5,1,0,0,0,0
"1362","GEO",2003,37,25.5,18.9,28.8,NA,NA,0,0,0
"1363","GEO",2004,38,23.2,17.4,26.2,NA,NA,27,1,0
"1364","GEO",2005,39,21,15.9,23.6,NA,NA,0,0,1
"1365","GEO",2006,33,19,14.5,21.3,NA,NA,0,0,0
"1366","GEO",2007,36,17.1,13.2,19.1,NA,NA,0,0,0
"1367","GEO",2008,39,15.4,12,17.2,NA,NA,621,1,0
"1368","GEO",2009,43,13.9,11,15.6,1,0,0,0,1
"1369","GEO",2010,32,12.7,10.1,14.2,NA,NA,3,0,0
"1370","GEO",2011,32,11.6,9.3,13,NA,NA,0,0,0
"1371","GEO",2012,30,10.8,8.6,12.1,NA,NA,0,0,0
"1372","GEO",2013,30,10.2,8,11.4,NA,NA,0,0,0
"1373","GEO",2014,29,9.7,7.3,10.9,NA,NA,0,0,0
"1374","GEO",2015,27,9.4,6.7,10.5,NA,NA,0,0,0
"1375","GEO",2016,26,9.1,6.2,10.2,NA,NA,0,0,0
"1376","GEO",2017,25,8.8,5.8,9.9,NA,NA,0,0,0
"1377","GEO",2018,NA,8.7,5.4,9.7,NA,NA,0,0,0
"1378","GEO",2019,NA,8.4,5.2,9.5,NA,NA,NA,NA,NA
"1379","GHA",2000,484,64.3,35.8,99.7,NA,NA,30,1,0
"1380","GHA",2001,445,62.1,34.9,95.7,NA,NA,50,1,1
"1381","GHA",2002,415,59.9,34.2,91.9,NA,NA,36,1,1
"1382","GHA",2003,398,58,33.5,88.5,NA,NA,0,0,1
"1383","GHA",2004,384,56.4,33,85.6,NA,NA,0,0,0
"1384","GHA",2005,371,54.9,32.6,83,NA,NA,0,0,0
"1385","GHA",2006,359,53.5,32.2,80.6,NA,NA,0,0,0
"1386","GHA",2007,349,52.1,31.7,78,NA,NA,0,0,0
"1387","GHA",2008,342,50.5,31.2,75.3,NA,NA,55,1,0
"1388","GHA",2009,339,48.8,30.5,72.3,NA,NA,8,0,1
"1389","GHA",2010,339,47,29.8,69.1,NA,NA,1,0,0
"1390","GHA",2011,339,45.2,29,65.9,NA,NA,0,0,0
"1391","GHA",2012,336,43.4,28.2,62.7,NA,NA,0,0,0
"1392","GHA",2013,331,41.8,27.5,59.8,NA,NA,0,0,0
"1393","GHA",2014,325,40.2,26.8,57.1,NA,NA,0,0,0
"1394","GHA",2015,320,38.8,26,54.6,NA,NA,0,0,0
"1395","GHA",2016,314,37.4,25.4,52.2,NA,NA,0,0,0
"1396","GHA",2017,308,36.2,24.7,50.1,NA,NA,0,0,0
"1397","GHA",2018,NA,35,24.1,48.1,NA,NA,0,0,0
"1398","GHA",2019,NA,34,23.5,46.4,NA,NA,NA,NA,NA
"1399","GIN",2000,1020,99.9,45.5,164.2,NA,NA,256,1,0
"1400","GIN",2001,1070,96.2,43.4,157.4,NA,NA,430,1,1
"1401","GIN",2002,1090,92.7,41.9,150.9,NA,NA,0,0,1
"1402","GIN",2003,1080,89.5,40.7,144.9,NA,NA,0,0,0
"1403","GIN",2004,1020,86.5,39.6,139.5,NA,NA,0,0,0
"1404","GIN",2005,920,83.9,38.5,134.7,NA,NA,3,0,0
"1405","GIN",2006,831,81.5,37.4,130.4,NA,NA,15,0,0
"1406","GIN",2007,772,79.4,36.5,126.6,NA,NA,45,1,0
"1407","GIN",2008,754,77.6,35.8,123.3,NA,NA,0,0,1
"1408","GIN",2009,750,75.9,35.3,120.3,NA,NA,160,1,0
"1409","GIN",2010,747,74.4,34.7,117.7,NA,NA,1,0,1
"1410","GIN",2011,748,73.1,34.2,115.3,NA,NA,25,1,0
"1411","GIN",2012,744,71.8,33.6,113,NA,NA,9,0,1
"1412","GIN",2013,731,70.5,33,110.7,NA,NA,98,1,0
"1413","GIN",2014,767,69.5,32.4,109.2,NA,NA,0,0,1
"1414","GIN",2015,699,68.4,31.9,107.3,NA,NA,3,0,0
"1415","GIN",2016,621,67.1,31.4,104.6,NA,NA,0,0,0
"1416","GIN",2017,576,66,31.1,102.6,NA,NA,0,0,0
"1417","GIN",2018,NA,64.7,30.7,100.4,NA,NA,0,0,0
"1418","GIN",2019,NA,63.4,30.3,98,NA,NA,NA,NA,NA
"1419","GMB",2000,932,61.6,40.6,113.4,NA,NA,0,0,0
"1420","GMB",2001,905,59.8,39.8,108.7,NA,NA,0,0,0
"1421","GMB",2002,876,58.1,39.1,104.2,0,1,0,0,0
"1422","GMB",2003,843,56.4,38.4,99.8,NA,NA,0,0,0
"1423","GMB",2004,802,54.7,37.7,95.6,NA,NA,1,0,0
"1424","GMB",2005,756,53.1,37,91.5,NA,NA,8,0,0
"1425","GMB",2006,716,51.5,36.3,87.6,NA,NA,0,0,0
"1426","GMB",2007,690,50,35.5,83.8,NA,NA,0,0,0
"1427","GMB",2008,675,48.6,34.7,80.3,NA,NA,0,0,0
"1428","GMB",2009,668,47.1,33.9,76.8,NA,NA,0,0,0
"1429","GMB",2010,661,45.8,33.1,73.6,NA,NA,0,0,0
"1430","GMB",2011,656,44.5,32.4,70.6,NA,NA,0,0,0
"1431","GMB",2012,650,43.2,31.7,67.7,0,1,1,0,0
"1432","GMB",2013,644,42,30.9,65,NA,NA,0,0,0
"1433","GMB",2014,637,40.9,30.1,62.4,NA,NA,0,0,0
"1434","GMB",2015,625,39.7,29.4,59.8,0,1,0,0,0
"1435","GMB",2016,611,38.6,28.5,57.4,NA,NA,0,0,0
"1436","GMB",2017,597,37.5,27.8,55.1,NA,NA,0,0,0
"1437","GMB",2018,NA,36.5,27.1,53.1,NA,NA,0,0,0
"1438","GMB",2019,NA,35.6,26.4,51.2,NA,NA,NA,NA,NA
"1439","GNB",2000,1210,105,55.3,173.8,NA,NA,0,0,1
"1440","GNB",2001,1180,102.1,54.2,168.4,NA,NA,0,0,0
"1441","GNB",2002,1150,99.1,53.3,162.8,0,1,0,0,0
"1442","GNB",2003,1110,95.9,52.5,156.8,NA,NA,0,0,0
"1443","GNB",2004,1050,92.6,51.7,150.7,NA,NA,0,0,0
"1444","GNB",2005,979,89.2,50.9,144.5,NA,NA,0,0,0
"1445","GNB",2006,912,85.9,49.8,138.3,0,1,0,0,0
"1446","GNB",2007,860,82.5,48.7,132.2,NA,NA,0,0,0
"1447","GNB",2008,827,79.1,47.5,126.1,NA,NA,0,0,0
"1448","GNB",2009,800,75.9,46.2,120.2,NA,NA,0,0,0
"1449","GNB",2010,779,72.6,44.8,114.5,NA,NA,0,0,0
"1450","GNB",2011,762,69.6,43.6,109.1,NA,NA,0,0,0
"1451","GNB",2012,744,66.8,42.3,104.2,NA,NA,0,0,0
"1452","GNB",2013,726,64.3,41.2,99.7,NA,NA,0,0,0
"1453","GNB",2014,711,62.1,40.2,95.7,NA,NA,0,0,0
"1454","GNB",2015,694,60,39.2,92.1,NA,NA,0,0,0
"1455","GNB",2016,679,58.1,38.4,88.7,NA,NA,0,0,0
"1456","GNB",2017,667,56.3,37.5,85.5,NA,NA,0,0,0
"1457","GNB",2018,NA,54.6,36.7,82.5,NA,NA,0,0,0
"1458","GNB",2019,NA,53,35.9,79.6,NA,NA,NA,NA,NA
"1459","GNQ",2000,454,107.1,44.3,155.7,NA,NA,0,0,0
"1460","GNQ",2001,421,104.4,43.7,151.4,NA,NA,0,0,0
"1461","GNQ",2002,392,101.7,42.9,147.1,NA,NA,0,0,0
"1462","GNQ",2003,370,99,42.1,142.8,NA,NA,0,0,0
"1463","GNQ",2004,357,96.1,41.2,138.2,NA,NA,0,0,0
"1464","GNQ",2005,344,93.2,40.2,133.5,NA,NA,0,0,0
"1465","GNQ",2006,331,90.3,39.1,129,NA,NA,0,0,0
"1466","GNQ",2007,322,87.4,37.9,124.4,NA,NA,0,0,0
"1467","GNQ",2008,314,84.5,36.9,119.7,NA,NA,0,0,0
"1468","GNQ",2009,310,81.7,35.9,115.3,NA,NA,0,0,0
"1469","GNQ",2010,308,79.1,35.1,111.2,NA,NA,0,0,0
"1470","GNQ",2011,308,76.7,34.3,107.4,NA,NA,0,0,0
"1471","GNQ",2012,305,74.3,33.7,103.6,NA,NA,0,0,0
"1472","GNQ",2013,300,72.1,33,100.2,NA,NA,0,0,0
"1473","GNQ",2014,295,69.9,32.5,96.8,NA,NA,0,0,0
"1474","GNQ",2015,296,67.6,31.8,93.2,NA,NA,0,0,0
"1475","GNQ",2016,301,65.6,31.2,90,NA,NA,0,0,0
"1476","GNQ",2017,301,63.6,30.5,86.9,NA,NA,0,0,0
"1477","GNQ",2018,NA,61.7,29.9,83.9,NA,NA,0,0,0
"1478","GNQ",2019,NA,60,29.2,81.2,NA,NA,NA,NA,NA
"1479","GRC",2000,3,5.6,3.9,6.4,1,0,0,0,0
"1480","GRC",2001,3,5.2,3.6,6,1,0,0,0,0
"1481","GRC",2002,3,4.9,3.3,5.6,1,0,0,0,0
"1482","GRC",2003,3,4.6,3,5.2,1,0,0,0,0
"1483","GRC",2004,3,4.3,2.7,4.9,NA,NA,0,0,0
"1484","GRC",2005,3,4,2.5,4.6,NA,NA,0,0,0
"1485","GRC",2006,3,3.8,2.4,4.3,NA,NA,0,0,0
"1486","GRC",2007,3,3.6,2.2,4.1,NA,NA,0,0,0
"1487","GRC",2008,3,3.5,2.1,4,1,0,0,0,0
"1488","GRC",2009,3,3.4,2.1,3.9,NA,NA,0,0,0
"1489","GRC",2010,3,3.4,2.1,3.9,NA,NA,0,0,0
"1490","GRC",2011,3,3.5,2.2,4,NA,NA,0,0,0
"1491","GRC",2012,3,3.5,2.3,4,NA,NA,0,0,0
"1492","GRC",2013,3,3.6,2.4,4.1,NA,NA,0,0,0
"1493","GRC",2014,3,3.7,2.6,4.3,1,0,0,0,0
"1494","GRC",2014,3,3.7,2.6,4.3,1,0,0,0,0
"1495","GRC",2015,3,3.8,2.6,4.4,NA,NA,0,0,0
"1496","GRC",2016,3,3.9,2.6,4.4,NA,NA,0,0,0
"1497","GRC",2017,3,3.8,2.6,4.3,1,0,0,0,0
"1498","GRC",2017,3,3.8,2.6,4.3,1,0,0,0,0
"1499","GRC",2018,NA,3.7,2.5,4.2,NA,NA,0,0,0
"1500","GRC",2019,NA,3.7,2.5,4.2,NA,NA,NA,NA,NA
"1501","GRD",2000,38,12.9,8,15.5,NA,NA,0,0,0
"1502","GRD",2001,36,12.8,8,15.2,NA,NA,0,0,0
"1503","GRD",2002,34,12.6,8,15,NA,NA,0,0,0
"1504","GRD",2003,34,12.5,8,14.8,NA,NA,0,0,0
"1505","GRD",2004,38,12.5,8,14.7,NA,NA,0,0,0
"1506","GRD",2005,33,12.4,8,14.6,NA,NA,0,0,0
"1507","GRD",2006,31,12.5,8,14.6,NA,NA,0,0,0
"1508","GRD",2007,31,12.5,8.1,14.6,NA,NA,0,0,0
"1509","GRD",2008,30,12.7,8.3,14.7,NA,NA,0,0,0
"1510","GRD",2009,30,12.8,8.6,14.9,NA,NA,0,0,0
"1511","GRD",2010,29,13,8.9,15.1,0,1,0,0,0
"1512","GRD",2011,28,13.3,9.3,15.3,NA,NA,0,0,0
"1513","GRD",2012,28,13.5,9.7,15.5,NA,NA,0,0,0
"1514","GRD",2013,27,13.8,10.1,15.8,NA,NA,0,0,0
"1515","GRD",2014,26,14,10.5,16,NA,NA,0,0,0
"1516","GRD",2015,25,14.3,10.7,16.2,NA,NA,0,0,0
"1517","GRD",2016,25,14.5,10.9,16.4,NA,NA,0,0,0
"1518","GRD",2017,25,14.6,11.1,16.6,NA,NA,0,0,0
"1519","GRD",2018,NA,14.7,11.1,16.6,NA,NA,0,0,0
"1520","GRD",2019,NA,14.7,11.1,16.5,NA,NA,NA,NA,NA
"1521","GTM",2000,161,41,21.3,52.1,NA,NA,0,0,0
"1522","GTM",2001,147,39.5,20.7,50.1,1,0,5,0,0
"1523","GTM",2001,147,39.5,20.7,50.1,0,1,5,0,0
"1524","GTM",2002,145,38.1,20.2,48.1,NA,NA,2,0,0
"1525","GTM",2003,137,36.8,19.7,46.2,NA,NA,0,0,0
"1526","GTM",2004,137,35.6,19.1,44.4,NA,NA,1,0,0
"1527","GTM",2005,142,34.3,18.6,42.7,NA,NA,58,1,0
"1528","GTM",2006,137,33.1,18.2,41,NA,NA,0,0,1
"1529","GTM",2007,132,32,17.7,39.4,NA,NA,5,0,0
"1530","GTM",2008,125,30.8,17.3,37.8,NA,NA,41,1,0
"1531","GTM",2009,131,29.7,16.8,36.3,0,1,1,0,1
"1532","GTM",2010,129,28.6,16.2,34.8,NA,NA,0,0,0
"1533","GTM",2011,122,27.6,15.6,33.4,1,0,27,1,0
"1534","GTM",2012,118,26.5,15,32,0,1,0,0,1
"1535","GTM",2012,118,26.5,15,32,1,0,0,0,1
"1536","GTM",2013,113,25.6,14.4,30.7,1,0,0,0,0
"1537","GTM",2014,107,24.6,13.9,29.5,1,0,0,0,0
"1538","GTM",2014,107,24.6,13.9,29.5,0,1,0,0,0
"1539","GTM",2015,103,23.7,13.4,28.3,NA,NA,20,0,0
"1540","GTM",2016,98,22.9,12.9,27.3,NA,NA,0,0,0
"1541","GTM",2017,95,22.2,12.4,26.4,1,0,0,0,0
"1542","GTM",2018,NA,21.4,12,25.4,0,1,0,0,0
"1543","GTM",2019,NA,20.7,11.5,24.5,NA,NA,NA,NA,NA
"1544","GUY",2000,231,37,27,46.4,NA,NA,0,0,0
"1545","GUY",2001,216,36.2,26.4,45.2,NA,NA,0,0,0
"1546","GUY",2002,227,35.4,26,44.2,NA,NA,0,0,0
"1547","GUY",2003,226,34.7,25.5,43.2,NA,NA,0,0,0
"1548","GUY",2004,220,34,25.2,42.2,NA,NA,0,0,0
"1549","GUY",2005,223,33.4,24.8,41.4,NA,NA,0,0,0
"1550","GUY",2006,221,32.8,24.3,40.5,NA,NA,0,0,0
"1551","GUY",2007,208,32.2,23.9,39.7,NA,NA,0,0,0
"1552","GUY",2008,192,31.7,23.6,39,NA,NA,29,1,0
"1553","GUY",2009,185,31.1,23.2,38.2,NA,NA,0,0,1
"1554","GUY",2010,179,30.6,22.8,37.4,0,1,0,0,0
"1555","GUY",2011,180,30,22.4,36.7,NA,NA,0,0,0
"1556","GUY",2012,185,29.4,21.9,35.9,NA,NA,0,0,0
"1557","GUY",2013,175,28.8,21.4,35,NA,NA,0,0,0
"1558","GUY",2014,174,28.1,20.8,34.1,NA,NA,0,0,0
"1559","GUY",2015,172,27.4,20.2,33.1,NA,NA,0,0,0
"1560","GUY",2016,170,26.6,19.6,32.1,NA,NA,0,0,0
"1561","GUY",2017,169,25.9,19.1,31.2,NA,NA,0,0,0
"1562","GUY",2018,NA,25.2,18.4,30.2,NA,NA,0,0,0
"1563","GUY",2019,NA,24.5,17.9,29.3,NA,NA,NA,NA,NA
"1564","HND",2000,85,30.3,17.7,37,0,1,6,0,0
"1565","HND",2001,83,29,17.1,35.3,0,1,0,0,0
"1566","HND",2002,80,27.8,16.6,33.7,0,1,1,0,0
"1567","HND",2003,78,26.6,16.1,32.1,NA,NA,47,1,0
"1568","HND",2004,77,25.5,15.6,30.6,0,1,30,1,1
"1569","HND",2005,77,24.4,15.2,29.2,NA,NA,0,0,1
"1570","HND",2006,77,23.4,14.7,27.9,NA,NA,0,0,0
"1571","HND",2007,77,22.4,14.2,26.7,1,0,0,0,0
"1572","HND",2008,76,21.5,13.7,25.5,NA,NA,18,0,0
"1573","HND",2009,75,20.6,13.2,24.4,1,0,0,0,0
"1574","HND",2009,75,20.6,13.2,24.4,0,1,0,0,0
"1575","HND",2010,74,19.8,12.7,23.3,NA,NA,58,1,0
"1576","HND",2011,72,19.1,12.2,22.4,NA,NA,18,0,1
"1577","HND",2012,70,18.4,11.7,21.5,0,1,18,0,0
"1578","HND",2013,69,17.7,11.3,20.7,NA,NA,0,0,0
"1579","HND",2014,68,17.1,10.9,20,0,1,21,0,0
"1580","HND",2015,67,16.5,10.5,19.2,NA,NA,0,0,0
"1581","HND",2016,65,16,10.1,18.6,NA,NA,10,0,0
"1582","HND",2017,65,15.4,9.8,18,NA,NA,0,0,0
"1583","HND",2018,NA,14.9,9.4,17.4,0,1,0,0,0
"1584","HND",2019,NA,14.4,9.1,16.8,NA,NA,NA,NA,NA
"1585","HRV",2000,11,7.2,5.5,8.3,NA,NA,0,0,0
"1586","HRV",2001,10,6.9,5.3,8,NA,NA,0,0,0
"1587","HRV",2002,10,6.6,5,7.7,NA,NA,0,0,0
"1588","HRV",2003,10,6.3,4.7,7.3,0,1,0,0,0
"1589","HRV",2004,10,6.1,4.4,7,NA,NA,0,0,0
"1590","HRV",2005,10,5.8,4.2,6.7,NA,NA,0,0,0
"1591","HRV",2006,9,5.5,4,6.4,NA,NA,0,0,0
"1592","HRV",2007,9,5.3,3.9,6.2,NA,NA,0,0,0
"1593","HRV",2008,9,5.1,3.8,5.9,NA,NA,0,0,0
"1594","HRV",2009,9,4.9,3.7,5.7,NA,NA,0,0,0
"1595","HRV",2010,9,4.7,3.6,5.5,NA,NA,0,0,0
"1596","HRV",2011,9,4.5,3.4,5.3,NA,NA,0,0,0
"1597","HRV",2012,8,4.4,3.3,5.2,NA,NA,0,0,0
"1598","HRV",2013,9,4.3,3.2,5.1,NA,NA,0,0,0
"1599","HRV",2014,8,4.3,3.1,5,NA,NA,0,0,0
"1600","HRV",2015,8,4.2,3.1,4.9,NA,NA,0,0,0
"1601","HRV",2016,7,4.1,3,4.8,NA,NA,0,0,0
"1602","HRV",2017,8,4.1,3,4.8,NA,NA,0,0,0
"1603","HRV",2018,NA,4,3,4.7,NA,NA,0,0,0
"1604","HRV",2019,NA,3.9,3,4.6,NA,NA,NA,NA,NA
"1605","HTI",2000,437,74.5,29.8,103.9,NA,NA,0,0,0
"1606","HTI",2001,437,72.3,29.5,100.5,NA,NA,0,0,0
"1607","HTI",2002,441,70.3,29.3,97.3,NA,NA,0,0,0
"1608","HTI",2003,446,68.4,29.3,94.4,0,1,0,0,0
"1609","HTI",2004,513,66.7,29.4,91.8,NA,NA,231,1,0
"1610","HTI",2005,459,65.3,29.4,89.4,NA,NA,40,1,1
"1611","HTI",2006,467,63.8,29.3,87.2,NA,NA,0,0,1
"1612","HTI",2007,473,62.5,29.2,85.2,NA,NA,0,0,0
"1613","HTI",2008,484,61.3,29,83.2,NA,NA,0,0,0
"1614","HTI",2009,484,60,28.7,81.2,NA,NA,0,0,0
"1615","HTI",2010,506,102.6,30.6,203.6,1,0,0,0,0
"1616","HTI",2011,496,57.6,28.3,77.4,NA,NA,0,0,0
"1617","HTI",2012,500,56.4,28.1,75.6,NA,NA,0,0,0
"1618","HTI",2013,496,55.3,27.8,73.7,NA,NA,0,0,0
"1619","HTI",2014,492,54.1,27.5,71.9,0,1,0,0,0
"1620","HTI",2015,488,52.8,27.1,69.9,NA,NA,0,0,0
"1621","HTI",2016,489,51.5,26.6,67.9,0,1,0,0,0
"1622","HTI",2017,480,50.3,26.2,66,NA,NA,8,0,0
"1623","HTI",2018,NA,49,25.7,64.1,1,0,71,1,0
"1624","HTI",2019,NA,47.8,25.2,62.2,NA,NA,NA,NA,NA
"1625","HUN",2000,16,8.7,5.8,10.1,NA,NA,0,0,0
"1626","HUN",2001,15,8.2,5.5,9.6,NA,NA,0,0,0
"1627","HUN",2002,16,7.6,5.1,9,NA,NA,0,0,0
"1628","HUN",2003,15,7.1,4.8,8.4,0,1,0,0,0
"1629","HUN",2004,15,6.7,4.4,7.9,NA,NA,0,0,0
"1630","HUN",2005,15,6.4,4.1,7.5,NA,NA,0,0,0
"1631","HUN",2006,14,6.1,3.9,7.2,NA,NA,0,0,0
"1632","HUN",2007,15,5.8,3.8,6.8,NA,NA,0,0,0
"1633","HUN",2008,14,5.5,3.6,6.5,NA,NA,0,0,0
"1634","HUN",2009,13,5.2,3.5,6.2,NA,NA,0,0,0
"1635","HUN",2010,13,5.1,3.4,6,NA,NA,0,0,0
"1636","HUN",2011,13,4.9,3.3,5.9,NA,NA,0,0,0
"1637","HUN",2012,12,4.8,3.2,5.7,NA,NA,0,0,0
"1638","HUN",2013,12,4.7,3,5.6,1,0,0,0,0
"1639","HUN",2014,12,4.5,2.9,5.4,NA,NA,0,0,0
"1640","HUN",2015,12,4.2,2.7,5.1,NA,NA,0,0,0
"1641","HUN",2016,12,4,2.5,4.7,NA,NA,0,0,0
"1642","HUN",2017,12,3.7,2.4,4.4,NA,NA,0,0,0
"1643","HUN",2018,NA,3.5,2.3,4.2,NA,NA,0,0,0
"1644","HUN",2019,NA,3.4,2.2,4.1,NA,NA,NA,NA,NA
"1645","IDN",2000,272,41,22.8,52.2,1,0,917,1,1
"1646","IDN",2000,272,41,22.8,52.2,1,0,917,1,1
"1647","IDN",2000,272,41,22.8,52.2,1,0,917,1,1
"1648","IDN",2000,272,41,22.8,52.2,1,0,917,1,1
"1649","IDN",2000,272,41,22.8,52.2,1,0,917,1,1
"1650","IDN",2001,269,39.4,22.1,49.8,1,0,834,1,1
"1651","IDN",2001,269,39.4,22.1,49.8,1,0,834,1,1
"1652","IDN",2002,265,37.8,21.4,47.6,1,0,762,1,1
"1653","IDN",2002,265,37.8,21.4,47.6,1,0,762,1,1
"1654","IDN",2002,265,37.8,21.4,47.6,1,0,762,1,1
"1655","IDN",2002,265,37.8,21.4,47.6,1,0,762,1,1
"1656","IDN",2003,261,36.4,20.9,45.5,1,0,1068,1,1
"1657","IDN",2003,261,36.4,20.9,45.5,1,0,1068,1,1
"1658","IDN",2003,261,36.4,20.9,45.5,1,0,1068,1,1
"1659","IDN",2003,261,36.4,20.9,45.5,0,1,1068,1,1
"1660","IDN",2004,264,37.1,20.5,49.6,1,0,1082,1,1
"1661","IDN",2004,264,37.1,20.5,49.6,1,0,1082,1,1
"1662","IDN",2004,264,37.1,20.5,49.6,1,0,1082,1,1
"1663","IDN",2004,264,37.1,20.5,49.6,1,0,1082,1,1
"1664","IDN",2004,264,37.1,20.5,49.6,1,0,1082,1,1
"1665","IDN",2004,264,37.1,20.5,49.6,1,0,1082,1,1
"1666","IDN",2005,252,33.6,19.9,41.7,1,0,242,1,1
"1667","IDN",2005,252,33.6,19.9,41.7,1,0,242,1,1
"1668","IDN",2006,249,32.4,19.5,39.9,1,0,13,0,1
"1669","IDN",2006,249,32.4,19.5,39.9,1,0,13,0,1
"1670","IDN",2006,249,32.4,19.5,39.9,1,0,13,0,1
"1671","IDN",2006,249,32.4,19.5,39.9,1,0,13,0,1
"1672","IDN",2006,249,32.4,19.5,39.9,1,0,13,0,1
"1673","IDN",2007,243,31.2,19.1,38.3,1,0,2,0,0
"1674","IDN",2007,243,31.2,19.1,38.3,1,0,2,0,0
"1675","IDN",2007,243,31.2,19.1,38.3,1,0,2,0,0
"1676","IDN",2007,243,31.2,19.1,38.3,1,0,2,0,0
"1677","IDN",2008,239,30,18.7,36.7,1,0,6,0,0
"1678","IDN",2008,239,30,18.7,36.7,1,0,6,0,0
"1679","IDN",2008,239,30,18.7,36.7,1,0,6,0,0
"1680","IDN",2009,234,29,18.1,35.2,1,0,0,0,0
"1681","IDN",2009,234,29,18.1,35.2,1,0,0,0,0
"1682","IDN",2009,234,29,18.1,35.2,1,0,0,0,0
"1683","IDN",2009,234,29,18.1,35.2,1,0,0,0,0
"1684","IDN",2009,234,29,18.1,35.2,1,0,0,0,0
"1685","IDN",2010,228,27.9,17.5,33.8,1,0,0,0,0
"1686","IDN",2010,228,27.9,17.5,33.8,1,0,0,0,0
"1687","IDN",2011,221,26.9,16.8,32.5,1,0,9,0,0
"1688","IDN",2011,221,26.9,16.8,32.5,1,0,9,0,0
"1689","IDN",2012,214,25.9,16.1,31.2,1,0,1,0,0
"1690","IDN",2012,214,25.9,16.1,31.2,1,0,1,0,0
"1691","IDN",2013,207,25,15.4,30,1,0,20,0,0
"1692","IDN",2013,207,25,15.4,30,1,0,20,0,0
"1693","IDN",2013,207,25,15.4,30,1,0,20,0,0
"1694","IDN",2014,199,24.1,14.8,28.8,NA,NA,12,0,0
"1695","IDN",2015,192,23.2,14.2,27.7,0,1,4,0,0
"1696","IDN",2015,192,23.2,14.2,27.7,1,0,4,0,0
"1697","IDN",2016,184,22.4,13.6,26.6,1,0,0,0,0
"1698","IDN",2016,184,22.4,13.6,26.6,1,0,0,0,0
"1699","IDN",2016,184,22.4,13.6,26.6,1,0,0,0,0
"1700","IDN",2017,177,21.6,13.1,25.6,1,0,2,0,0
"1701","IDN",2018,NA,20.8,12.6,24.6,1,0,32,1,0
"1702","IDN",2018,NA,20.8,12.6,24.6,1,0,32,1,0
"1703","IDN",2018,NA,20.8,12.6,24.6,1,0,32,1,0
"1704","IDN",2018,NA,20.8,12.6,24.6,1,0,32,1,0
"1705","IDN",2018,NA,20.8,12.6,24.6,1,0,32,1,0
"1706","IDN",2019,NA,20.2,12.2,23.8,1,0,NA,NA,NA
"1707","IDN",2019,NA,20.2,12.2,23.8,1,0,NA,NA,NA
"1708","IDN",2019,NA,20.2,12.2,23.8,1,0,NA,NA,NA
"1709","IDN",2019,NA,20.2,12.2,23.8,1,0,NA,NA,NA
"1710","IDN",2019,NA,20.2,12.2,23.8,1,0,NA,NA,NA
"1711","IND",2000,370,66.7,44.7,91.7,0,1,4093,1,1
"1712","IND",2001,354,64.4,43.3,88.1,1,0,1730,1,1
"1713","IND",2002,336,62.1,41.9,84.5,1,0,3035,1,1
"1714","IND",2002,336,62.1,41.9,84.5,0,1,3035,1,1
"1715","IND",2003,319,60,40.5,81.1,NA,NA,2426,1,1
"1716","IND",2004,303,57.8,39.1,77.8,1,0,1642,1,1
"1717","IND",2005,286,55.7,37.9,74.4,1,0,2015,1,1
"1718","IND",2006,270,53.6,36.6,71.1,NA,NA,2155,1,1
"1719","IND",2007,255,51.5,35.4,67.9,NA,NA,1720,1,1
"1720","IND",2008,240,49.4,34.3,64.6,NA,NA,1856,1,1
"1721","IND",2009,225,47.2,33.1,61.4,0,1,1621,1,1
"1722","IND",2010,210,45.1,31.8,58.2,NA,NA,1633,1,1
"1723","IND",2011,197,43,30.6,55,1,0,798,1,1
"1724","IND",2012,185,40.9,29.4,52,NA,NA,801,1,1
"1725","IND",2013,175,38.8,28.2,49,1,0,702,1,1
"1726","IND",2014,166,36.9,27,46.2,NA,NA,734,1,1
"1727","IND",2015,158,34.9,25.9,43.5,1,0,622,1,1
"1728","IND",2015,158,34.9,25.9,43.5,1,0,622,1,1
"1729","IND",2015,158,34.9,25.9,43.5,1,0,622,1,1
"1730","IND",2015,158,34.9,25.9,43.5,0,1,622,1,1
"1731","IND",2016,150,33.1,24.8,41,1,0,761,1,1
"1732","IND",2017,145,31.4,23.7,38.6,NA,NA,847,1,1
"1733","IND",2018,NA,29.8,22.7,36.3,0,1,950,1,1
"1734","IND",2019,NA,28.3,21.4,34.4,NA,NA,NA,NA,NA
"1735","IRL",2000,7,6,4,7.1,NA,NA,0,0,0
"1736","IRL",2001,7,5.8,3.9,6.9,NA,NA,0,0,0
"1737","IRL",2002,6,5.5,3.7,6.5,NA,NA,0,0,0
"1738","IRL",2003,6,5.1,3.5,6,NA,NA,0,0,0
"1739","IRL",2004,6,4.7,3.3,5.6,NA,NA,0,0,0
"1740","IRL",2005,7,4.4,3,5.2,NA,NA,0,0,0
"1741","IRL",2006,6,4.1,2.8,4.9,NA,NA,0,0,0
"1742","IRL",2007,6,3.9,2.6,4.6,NA,NA,0,0,0
"1743","IRL",2008,7,3.8,2.5,4.4,NA,NA,0,0,0
"1744","IRL",2009,7,3.6,2.5,4.3,NA,NA,0,0,0
"1745","IRL",2010,6,3.5,2.5,4.2,NA,NA,0,0,0
"1746","IRL",2011,7,3.5,2.5,4.1,NA,NA,0,0,0
"1747","IRL",2012,6,3.4,2.5,4,NA,NA,0,0,0
"1748","IRL",2013,6,3.3,2.5,3.9,NA,NA,0,0,0
"1749","IRL",2014,6,3.3,2.5,3.8,NA,NA,0,0,0
"1750","IRL",2015,6,3.2,2.4,3.7,NA,NA,0,0,0
"1751","IRL",2016,6,3.1,2.3,3.6,NA,NA,0,0,0
"1752","IRL",2017,5,3,2.2,3.4,NA,NA,0,0,0
"1753","IRL",2018,NA,2.8,2.2,3.3,NA,NA,0,0,0
"1754","IRL",2019,NA,2.7,2.1,3.2,NA,NA,NA,NA,NA
"1755","IRN",2000,48,29.7,19.5,36.2,1,0,41,1,0
"1756","IRN",2000,48,29.7,19.5,36.2,1,0,41,1,0
"1757","IRN",2001,44,28.2,18.8,34.2,1,0,112,1,1
"1758","IRN",2002,41,26.7,18.1,32.2,1,0,0,0,1
"1759","IRN",2002,41,26.7,18.1,32.2,1,0,0,0,1
"1760","IRN",2002,41,26.7,18.1,32.2,1,0,0,0,1
"1761","IRN",2002,41,26.7,18.1,32.2,1,0,0,0,1
"1762","IRN",2002,41,26.7,18.1,32.2,1,0,0,0,1
"1763","IRN",2003,39,25.1,17.4,30.2,1,0,2,0,0
"1764","IRN",2003,39,25.1,17.4,30.2,1,0,2,0,0
"1765","IRN",2003,39,25.1,17.4,30.2,1,0,2,0,0
"1766","IRN",2003,39,25.1,17.4,30.2,1,0,2,0,0
"1767","IRN",2003,39,25.1,17.4,30.2,1,0,2,0,0
"1768","IRN",2004,36,23.6,16.7,28.2,1,0,0,0,0
"1769","IRN",2005,34,22.2,16,26.4,1,0,53,1,0
"1770","IRN",2005,34,22.2,16,26.4,1,0,53,1,0
"1771","IRN",2005,34,22.2,16,26.4,1,0,53,1,0
"1772","IRN",2005,34,22.2,16,26.4,1,0,53,1,0
"1773","IRN",2006,32,20.9,15.4,24.7,1,0,61,1,1
"1774","IRN",2006,32,20.9,15.4,24.7,1,0,61,1,1
"1775","IRN",2006,32,20.9,15.4,24.7,1,0,61,1,1
"1776","IRN",2007,30,19.7,14.7,23.1,NA,NA,86,1,1
"1777","IRN",2008,28,18.5,14,21.7,1,0,117,1,1
"1778","IRN",2008,28,18.5,14,21.7,1,0,117,1,1
"1779","IRN",2009,25,17.4,13.3,20.4,1,0,167,1,1
"1780","IRN",2010,22,16.5,12.6,19.3,1,0,101,1,1
"1781","IRN",2010,22,16.5,12.6,19.3,1,0,101,1,1
"1782","IRN",2010,22,16.5,12.6,19.3,1,0,101,1,1
"1783","IRN",2010,22,16.5,12.6,19.3,1,0,101,1,1
"1784","IRN",2010,22,16.5,12.6,19.3,1,0,101,1,1
"1785","IRN",2010,22,16.5,12.6,19.3,1,0,101,1,1
"1786","IRN",2011,19,15.7,11.9,18.3,NA,NA,220,1,1
"1787","IRN",2012,18,15,11.3,17.5,1,0,17,0,1
"1788","IRN",2012,18,15,11.3,17.5,1,0,17,0,1
"1789","IRN",2012,18,15,11.3,17.5,1,0,17,0,1
"1790","IRN",2013,17,14.4,10.8,16.8,1,0,11,0,0
"1791","IRN",2013,17,14.4,10.8,16.8,1,0,11,0,0
"1792","IRN",2013,17,14.4,10.8,16.8,1,0,11,0,0
"1793","IRN",2014,17,13.8,10.4,16.1,1,0,5,0,0
"1794","IRN",2014,17,13.8,10.4,16.1,1,0,5,0,0
"1795","IRN",2015,17,13.3,10,15.5,NA,NA,25,1,0
"1796","IRN",2016,16,12.8,9.6,14.9,NA,NA,69,1,1
"1797","IRN",2017,16,12.4,9.2,14.4,1,0,58,1,1
"1798","IRN",2017,16,12.4,9.2,14.4,1,0,58,1,1
"1799","IRN",2017,16,12.4,9.2,14.4,1,0,58,1,1
"1800","IRN",2018,NA,11.9,8.9,13.9,1,0,92,1,1
"1801","IRN",2018,NA,11.9,8.9,13.9,1,0,92,1,1
"1802","IRN",2018,NA,11.9,8.9,13.9,1,0,92,1,1
"1803","IRN",2019,NA,11.5,8.6,13.4,1,0,NA,NA,NA
"1804","IRN",2019,NA,11.5,8.6,13.4,1,0,NA,NA,NA
"1805","IRQ",2000,79,35.6,23.9,44.5,NA,NA,193,1,1
"1806","IRQ",2001,76,34.9,23.6,43.5,NA,NA,56,1,1
"1807","IRQ",2002,74,34.3,23.3,42.6,NA,NA,111,1,1
"1808","IRQ",2003,136,33.7,23,41.8,NA,NA,8021,1,1
"1809","IRQ",2004,122,33.1,22.6,40.9,NA,NA,4366,1,1
"1810","IRQ",2005,127,32.4,22.2,40,NA,NA,3521,1,1
"1811","IRQ",2006,158,31.8,21.8,39.1,NA,NA,4598,1,1
"1812","IRQ",2007,138,31.1,21.4,38.1,NA,NA,4489,1,1
"1813","IRQ",2008,90,30.3,21,37.1,NA,NA,2765,1,1
"1814","IRQ",2009,75,29.5,20.5,36,NA,NA,1720,1,1
"1815","IRQ",2010,70,28.7,19.9,34.9,NA,NA,1857,1,1
"1816","IRQ",2011,67,27.9,19.3,33.8,NA,NA,1399,1,1
"1817","IRQ",2012,66,27.1,18.7,32.8,NA,NA,1407,1,1
"1818","IRQ",2013,75,26.3,18.1,31.7,NA,NA,4010,1,1
"1819","IRQ",2014,92,25.5,17.5,30.7,NA,NA,16437,1,1
"1820","IRQ",2015,83,24.8,17,29.7,NA,NA,11303,1,1
"1821","IRQ",2016,78,24.1,16.4,28.8,NA,NA,12025,1,1
"1822","IRQ",2017,79,23.4,15.9,27.9,1,0,11400,1,1
"1823","IRQ",2018,NA,22.7,15.4,27,NA,NA,1443,1,1
"1824","IRQ",2019,NA,22,14.9,26.1,NA,NA,NA,NA,NA
"1825","ISL",2000,6,3.2,2.1,4.1,1,0,0,0,0
"1826","ISL",2000,6,3.2,2.1,4.1,1,0,0,0,0
"1827","ISL",2001,6,3.1,2,3.9,NA,NA,0,0,0
"1828","ISL",2002,6,2.9,1.9,3.7,NA,NA,0,0,0
"1829","ISL",2003,6,2.8,1.8,3.5,NA,NA,0,0,0
"1830","ISL",2004,6,2.7,1.7,3.4,NA,NA,0,0,0
"1831","ISL",2005,5,2.6,1.6,3.2,NA,NA,0,0,0
"1832","ISL",2006,5,2.5,1.6,3.1,NA,NA,0,0,0
"1833","ISL",2007,5,2.4,1.5,3,NA,NA,0,0,0
"1834","ISL",2008,5,2.3,1.4,2.9,NA,NA,0,0,0
"1835","ISL",2009,5,2.2,1.4,2.8,NA,NA,0,0,0
"1836","ISL",2010,5,2.2,1.3,2.7,NA,NA,0,0,0
"1837","ISL",2011,5,2.1,1.3,2.6,NA,NA,0,0,0
"1838","ISL",2012,4,2,1.3,2.5,NA,NA,0,0,0
"1839","ISL",2013,4,1.9,1.2,2.4,NA,NA,0,0,0
"1840","ISL",2014,5,1.9,1.2,2.4,NA,NA,0,0,0
"1841","ISL",2015,4,1.8,1.2,2.3,NA,NA,0,0,0
"1842","ISL",2016,4,1.8,1.1,2.2,NA,NA,0,0,0
"1843","ISL",2017,4,1.7,1.1,2.1,NA,NA,0,0,0
"1844","ISL",2018,NA,1.6,1.1,2.1,NA,NA,0,0,0
"1845","ISL",2019,NA,1.6,1,2,NA,NA,NA,NA,NA
"1846","ITA",2000,4,4.7,3.5,5.6,NA,NA,0,0,0
"1847","ITA",2001,3,4.5,3.2,5.3,NA,NA,0,0,0
"1848","ITA",2002,3,4.3,3.1,5,1,0,0,0,0
"1849","ITA",2002,3,4.3,3.1,5,1,0,0,0,0
"1850","ITA",2002,3,4.3,3.1,5,1,0,0,0,0
"1851","ITA",2002,3,4.3,3.1,5,0,1,0,0,0
"1852","ITA",2003,3,4.1,2.9,4.8,1,0,0,0,0
"1853","ITA",2004,3,3.9,2.8,4.6,NA,NA,0,0,0
"1854","ITA",2005,3,3.8,2.7,4.5,NA,NA,0,0,0
"1855","ITA",2006,2,3.7,2.6,4.3,NA,NA,0,0,0
"1856","ITA",2007,2,3.6,2.5,4.2,NA,NA,0,0,0
"1857","ITA",2008,2,3.5,2.5,4.1,NA,NA,0,0,0
"1858","ITA",2009,2,3.4,2.5,4.1,1,0,0,0,0
"1859","ITA",2010,2,3.4,2.4,4,NA,NA,0,0,0
"1860","ITA",2011,2,3.3,2.4,3.9,NA,NA,0,0,0
"1861","ITA",2012,2,3.2,2.3,3.8,0,1,0,0,0
"1862","ITA",2012,2,3.2,2.3,3.8,1,0,0,0,0
"1863","ITA",2012,2,3.2,2.3,3.8,1,0,0,0,0
"1864","ITA",2013,2,3.1,2.2,3.7,NA,NA,0,0,0
"1865","ITA",2014,2,3,2.2,3.6,NA,NA,0,0,0
"1866","ITA",2015,2,3,2.1,3.5,NA,NA,0,0,0
"1867","ITA",2016,2,2.9,2.1,3.4,1,0,0,0,0
"1868","ITA",2016,2,2.9,2.1,3.4,1,0,0,0,0
"1869","ITA",2016,2,2.9,2.1,3.4,1,0,0,0,0
"1870","ITA",2017,2,2.8,2,3.3,1,0,0,0,0
"1871","ITA",2017,2,2.8,2,3.3,1,0,0,0,0
"1872","ITA",2017,2,2.8,2,3.3,0,1,0,0,0
"1873","ITA",2018,NA,2.7,1.9,3.2,NA,NA,0,0,0
"1874","ITA",2019,NA,2.6,1.8,3,NA,NA,NA,NA,NA
"1875","JAM",2000,77,18.9,17,22.2,0,1,0,0,0
"1876","JAM",2001,79,18.4,16.5,21.6,NA,NA,116,1,0
"1877","JAM",2002,78,18,16.1,21.1,NA,NA,15,0,1
"1878","JAM",2003,79,17.6,15.6,20.7,NA,NA,7,0,0
"1879","JAM",2004,80,17.3,15.1,20.3,NA,NA,0,0,0
"1880","JAM",2005,80,17,14.7,19.9,NA,NA,0,0,0
"1881","JAM",2006,79,16.7,14.2,19.6,NA,NA,0,0,0
"1882","JAM",2007,79,16.5,13.9,19.2,NA,NA,0,0,0
"1883","JAM",2008,79,16.2,13.6,18.9,NA,NA,0,0,0
"1884","JAM",2009,79,15.8,13.2,18.5,NA,NA,0,0,0
"1885","JAM",2010,79,15.4,12.9,18,NA,NA,0,0,0
"1886","JAM",2011,79,15.1,12.5,17.5,NA,NA,0,0,0
"1887","JAM",2012,79,14.6,12.2,17,NA,NA,0,0,0
"1888","JAM",2013,79,14.2,11.8,16.5,NA,NA,0,0,0
"1889","JAM",2014,78,13.8,11.4,16,0,1,0,0,0
"1890","JAM",2015,78,13.4,11,15.5,NA,NA,0,0,0
"1891","JAM",2016,80,13,10.7,15.1,NA,NA,0,0,0
"1892","JAM",2017,80,12.6,10.3,14.6,NA,NA,0,0,0
"1893","JAM",2018,NA,12.2,10,14.2,NA,NA,0,0,0
"1894","JAM",2019,NA,11.8,9.6,13.7,NA,NA,NA,NA,NA
"1895","JOR",2000,70,22.5,16,26.8,0,1,0,0,0
"1896","JOR",2001,68,22,15.6,26.1,NA,NA,0,0,0
"1897","JOR",2002,65,21.4,15.2,25.3,NA,NA,0,0,0
"1898","JOR",2003,63,20.8,14.7,24.6,NA,NA,0,0,0
"1899","JOR",2004,62,20.2,14.2,23.9,NA,NA,0,0,0
"1900","JOR",2005,62,19.7,13.8,23.2,NA,NA,59,1,0
"1901","JOR",2006,58,19.2,13.3,22.5,NA,NA,0,0,1
"1902","JOR",2007,56,18.7,12.9,21.9,NA,NA,0,0,0
"1903","JOR",2008,55,18.1,12.5,21.3,NA,NA,0,0,0
"1904","JOR",2009,54,17.6,12.2,20.7,NA,NA,0,0,0
"1905","JOR",2010,53,17.2,11.8,20.1,NA,NA,0,0,0
"1906","JOR",2011,52,16.7,11.5,19.5,NA,NA,0,0,0
"1907","JOR",2012,52,16.2,11.2,19,NA,NA,0,0,0
"1908","JOR",2013,51,15.8,10.9,18.4,NA,NA,0,0,0
"1909","JOR",2014,49,15.4,10.6,17.9,NA,NA,0,0,0
"1910","JOR",2015,48,15,10.2,17.5,NA,NA,1,0,0
"1911","JOR",2016,47,14.6,10,17,NA,NA,37,1,0
"1912","JOR",2017,46,14.1,9.7,16.4,NA,NA,0,0,1
"1913","JOR",2018,NA,13.7,9.4,16,NA,NA,0,0,0
"1914","JOR",2019,NA,13.3,9.1,15.5,NA,NA,NA,NA,NA
"1915","JPN",2000,9,3.3,1.8,4.5,1,0,0,0,0
"1916","JPN",2000,9,3.3,1.8,4.5,1,0,0,0,0
"1917","JPN",2001,8,3.1,1.7,4.3,1,0,0,0,0
"1918","JPN",2002,8,3,1.7,4.1,NA,NA,0,0,0
"1919","JPN",2003,7,2.9,1.6,4,1,0,0,0,0
"1920","JPN",2003,7,2.9,1.6,4,1,0,0,0,0
"1921","JPN",2003,7,2.9,1.6,4,1,0,0,0,0
"1922","JPN",2004,7,2.8,1.5,3.9,1,0,0,0,0
"1923","JPN",2005,7,2.8,1.4,3.7,1,0,0,0,0
"1924","JPN",2005,7,2.8,1.4,3.7,1,0,0,0,0
"1925","JPN",2006,7,2.7,1.3,3.6,NA,NA,0,0,0
"1926","JPN",2007,6,2.6,1.3,3.5,1,0,0,0,0
"1927","JPN",2007,6,2.6,1.3,3.5,1,0,0,0,0
"1928","JPN",2007,6,2.6,1.3,3.5,1,0,0,0,0
"1929","JPN",2008,6,2.5,1.2,3.4,1,0,0,0,0
"1930","JPN",2008,6,2.5,1.2,3.4,1,0,0,0,0
"1931","JPN",2009,6,2.4,1.2,3.3,1,0,0,0,0
"1932","JPN",2010,6,2.4,1.1,3.2,NA,NA,0,0,0
"1933","JPN",2011,6,2.3,1,3.2,1,0,0,0,0
"1934","JPN",2011,6,2.3,1,3.2,1,0,0,0,0
"1935","JPN",2012,5,2.2,1,3,NA,NA,0,0,0
"1936","JPN",2013,5,2.1,1,2.9,1,0,0,0,0
"1937","JPN",2014,5,2.1,0.9,2.8,1,0,0,0,0
"1938","JPN",2015,5,2,0.9,2.7,NA,NA,0,0,0
"1939","JPN",2016,5,2,0.9,2.7,1,0,0,0,0
"1940","JPN",2016,5,2,0.9,2.7,1,0,0,0,0
"1941","JPN",2016,5,2,0.9,2.7,1,0,0,0,0
"1942","JPN",2017,5,1.9,0.9,2.6,NA,NA,0,0,0
"1943","JPN",2018,NA,1.9,0.9,2.6,1,0,0,0,0
"1944","JPN",2018,NA,1.9,0.9,2.6,1,0,0,0,0
"1945","JPN",2019,NA,1.8,0.9,2.5,1,0,NA,NA,NA
"1946","KAZ",2000,61,36.7,23.9,42.5,NA,NA,0,0,0
"1947","KAZ",2001,57,34.6,23.3,39.9,NA,NA,0,0,0
"1948","KAZ",2002,52,32.6,22.7,37.5,NA,NA,0,0,0
"1949","KAZ",2003,49,30.8,21.8,35.2,1,0,0,0,0
"1950","KAZ",2004,46,29,20.8,33.1,NA,NA,0,0,0
"1951","KAZ",2005,43,27.3,19.7,31,NA,NA,0,0,0
"1952","KAZ",2006,40,25.6,18.5,29,NA,NA,0,0,0
"1953","KAZ",2007,36,23.8,17,26.8,NA,NA,0,0,0
"1954","KAZ",2008,30,21.9,15.3,24.7,NA,NA,0,0,0
"1955","KAZ",2009,24,20,13.5,22.5,NA,NA,0,0,0
"1956","KAZ",2010,22,18.2,11.8,20.4,NA,NA,0,0,0
"1957","KAZ",2011,19,16.4,10.2,18.3,NA,NA,0,0,0
"1958","KAZ",2012,17,14.6,8.6,16.3,NA,NA,0,0,0
"1959","KAZ",2013,14,13,7.3,14.6,NA,NA,0,0,0
"1960","KAZ",2014,13,11.6,6.2,13,NA,NA,0,0,0
"1961","KAZ",2015,12,10.6,5.6,11.9,NA,NA,0,0,0
"1962","KAZ",2016,10,9.8,5.1,11,NA,NA,0,0,0
"1963","KAZ",2017,10,9.4,4.9,10.5,NA,NA,0,0,0
"1964","KAZ",2018,NA,9.2,4.7,10.3,NA,NA,0,0,0
"1965","KAZ",2019,NA,9,4.7,10.1,NA,NA,NA,NA,NA
"1966","KEN",2000,708,59.9,28.2,98.5,NA,NA,254,1,1
"1967","KEN",2001,702,57.8,28,94.2,NA,NA,192,1,1
"1968","KEN",2002,692,55.5,27.8,89.8,NA,NA,45,1,1
"1969","KEN",2003,678,53.2,27.5,85.4,NA,NA,7,0,1
"1970","KEN",2004,653,50.8,27.1,81,0,1,20,0,0
"1971","KEN",2004,653,50.8,27.1,81,1,0,20,0,0
"1972","KEN",2005,618,48,26.6,76.3,0,1,215,1,0
"1973","KEN",2006,583,45.7,26.1,72,NA,NA,219,1,1
"1974","KEN",2007,545,43.7,25.6,68,NA,NA,200,1,1
"1975","KEN",2008,513,41.4,25.1,63.5,0,1,783,1,1
"1976","KEN",2009,472,40.4,24.6,59.9,NA,NA,170,1,1
"1977","KEN",2010,432,39.3,24.2,57.4,0,1,87,1,1
"1978","KEN",2011,398,38.5,23.9,55.5,0,1,144,1,1
"1979","KEN",2012,373,38.2,23.5,54.1,NA,NA,309,1,1
"1980","KEN",2013,364,37.4,23.2,52.3,NA,NA,267,1,1
"1981","KEN",2014,358,36.4,22.9,50.6,0,1,344,1,1
"1982","KEN",2015,353,35.2,22.6,48.9,NA,NA,389,1,1
"1983","KEN",2016,346,34.4,22.2,47.2,0,1,130,1,1
"1984","KEN",2017,342,33.7,21.8,45.9,NA,NA,228,1,1
"1985","KEN",2018,NA,32.7,21.4,44.3,NA,NA,164,1,1
"1986","KEN",2019,NA,32,21,43,0,1,NA,NA,NA
"1987","KGZ",2000,79,42.5,20.6,49.8,NA,NA,174,1,0
"1988","KGZ",2001,76,40.6,20.2,47.4,NA,NA,0,0,1
"1989","KGZ",2002,83,38.8,20,45.2,NA,NA,0,0,0
"1990","KGZ",2003,82,37.1,19.9,43.1,NA,NA,0,0,0
"1991","KGZ",2004,79,35.6,19.7,41.1,NA,NA,0,0,0
"1992","KGZ",2005,82,34.1,19.6,39.2,NA,NA,0,0,0
"1993","KGZ",2006,85,32.7,19.5,37.5,1,0,6,0,0
"1994","KGZ",2007,84,31.2,19.1,35.7,NA,NA,0,0,0
"1995","KGZ",2008,81,29.6,18.5,33.7,1,0,0,0,0
"1996","KGZ",2008,81,29.6,18.5,33.7,1,0,0,0,0
"1997","KGZ",2009,80,27.8,17.7,31.6,0,1,0,0,0
"1998","KGZ",2010,79,26.1,16.9,29.5,NA,NA,44,1,0
"1999","KGZ",2011,79,24.5,16.3,27.7,1,0,0,0,1
"2000","KGZ",2012,74,23.2,15.9,26.1,NA,NA,0,0,0
"2001","KGZ",2013,70,22,15.5,24.7,NA,NA,0,0,0
"2002","KGZ",2014,69,20.9,15.1,23.5,NA,NA,0,0,0
"2003","KGZ",2015,66,19.9,14.6,22.3,1,0,1,0,0
"2004","KGZ",2016,63,18.9,14,21.2,NA,NA,0,0,0
"2005","KGZ",2017,60,18,13.4,20.1,1,0,0,0,0
"2006","KGZ",2018,NA,17.1,12.8,19.2,NA,NA,0,0,0
"2007","KGZ",2019,NA,16.4,12.2,18.3,NA,NA,NA,NA,NA
"2008","KHM",2000,488,79.2,35.2,106.3,NA,NA,4,0,0
"2009","KHM",2001,456,73.4,33.4,96.6,0,1,0,0,0
"2010","KHM",2002,430,67.3,31.5,86.7,0,1,0,0,0
"2011","KHM",2003,404,61.8,29.7,78,NA,NA,1,0,0
"2012","KHM",2004,378,56.9,28.2,70.7,NA,NA,0,0,0
"2013","KHM",2005,351,52.8,26.8,64.7,0,1,0,0,0
"2014","KHM",2006,326,49.3,25.6,59.7,NA,NA,0,0,0
"2015","KHM",2007,303,46.2,24.5,55.4,NA,NA,2,0,0
"2016","KHM",2008,284,43.2,23.5,51.3,NA,NA,2,0,0
"2017","KHM",2009,265,40.2,22.4,47.5,NA,NA,2,0,0
"2018","KHM",2010,248,37.3,21.3,43.8,NA,NA,0,0,0
"2019","KHM",2011,232,34.6,20.3,40.5,NA,NA,10,0,0
"2020","KHM",2012,215,32.3,19.3,37.7,NA,NA,1,0,0
"2021","KHM",2013,202,30.3,18.3,35.3,NA,NA,0,0,0
"2022","KHM",2014,189,28.7,17.2,33.4,NA,NA,0,0,0
"2023","KHM",2015,178,27.3,16.4,31.8,NA,NA,0,0,0
"2024","KHM",2016,168,26,15.6,30.3,0,1,0,0,0
"2025","KHM",2017,160,24.9,14.9,29,NA,NA,0,0,0
"2026","KHM",2018,NA,23.8,14.3,27.7,NA,NA,0,0,0
"2027","KHM",2019,NA,22.9,13.8,26.6,NA,NA,NA,NA,NA
"2028","KIR",2000,136,51.7,28,68.1,NA,NA,0,0,0
"2029","KIR",2001,131,50.7,27.4,66.6,NA,NA,0,0,0
"2030","KIR",2002,127,50,26.9,65.5,NA,NA,0,0,0
"2031","KIR",2003,124,49.5,26.5,64.8,NA,NA,0,0,0
"2032","KIR",2004,121,49.4,26.2,64.6,NA,NA,0,0,0
"2033","KIR",2005,119,49.4,26,64.7,NA,NA,0,0,0
"2034","KIR",2006,117,49.7,25.8,65.1,NA,NA,0,0,0
"2035","KIR",2007,115,50,25.8,65.5,NA,NA,0,0,0
"2036","KIR",2008,115,50,25.7,65.6,NA,NA,0,0,0
"2037","KIR",2009,113,49.8,25.6,65.2,NA,NA,0,0,0
"2038","KIR",2010,112,49.3,25.4,64.4,NA,NA,0,0,0
"2039","KIR",2011,110,48.6,25.2,63.3,NA,NA,0,0,0
"2040","KIR",2012,107,47.8,24.8,62.1,NA,NA,0,0,0
"2041","KIR",2013,104,46.8,24.4,60.8,NA,NA,0,0,0
"2042","KIR",2014,100,45.8,24,59.2,NA,NA,0,0,0
"2043","KIR",2015,97,44.7,23.6,57.6,NA,NA,0,0,0
"2044","KIR",2016,94,43.6,23.2,56,NA,NA,0,0,0
"2045","KIR",2017,92,42.6,22.8,54.5,NA,NA,0,0,0
"2046","KIR",2018,NA,41.4,22.3,52.8,NA,NA,0,0,0
"2047","KIR",2019,NA,40.3,21.9,51.2,NA,NA,NA,NA,NA
"2048","KOR",2000,17,6.5,3.4,7.5,NA,NA,0,0,0
"2049","KOR",2001,15,6.1,3.2,7.1,0,1,0,0,0
"2050","KOR",2002,15,5.8,3,6.8,NA,NA,0,0,0
"2051","KOR",2003,16,5.5,2.8,6.4,NA,NA,0,0,0
"2052","KOR",2004,15,5.1,2.6,6,NA,NA,0,0,0
"2053","KOR",2005,15,4.8,2.4,5.6,NA,NA,0,0,0
"2054","KOR",2006,14,4.4,2.2,5.2,NA,NA,0,0,0
"2055","KOR",2007,15,4.1,2,4.8,NA,NA,0,0,0
"2056","KOR",2008,15,3.9,1.9,4.5,NA,NA,0,0,0
"2057","KOR",2009,16,3.7,1.8,4.3,NA,NA,0,0,0
"2058","KOR",2010,15,3.5,1.8,4.1,NA,NA,0,0,0
"2059","KOR",2011,14,3.4,1.7,4,NA,NA,0,0,0
"2060","KOR",2012,13,3.3,1.7,3.8,NA,NA,0,0,0
"2061","KOR",2013,13,3.2,1.7,3.7,NA,NA,0,0,0
"2062","KOR",2014,12,3.1,1.7,3.6,NA,NA,0,0,0
"2063","KOR",2015,12,3,1.6,3.5,NA,NA,0,0,0
"2064","KOR",2016,11,2.9,1.6,3.4,1,0,0,0,0
"2065","KOR",2017,11,2.8,1.6,3.3,1,0,0,0,0
"2066","KOR",2018,NA,2.8,1.5,3.2,NA,NA,0,0,0
"2067","KOR",2019,NA,2.7,1.5,3.1,NA,NA,NA,NA,NA
"2068","KWT",2000,10,10.7,6.6,12.4,NA,NA,0,0,0
"2069","KWT",2001,10,10.5,6.4,12.2,NA,NA,0,0,0
"2070","KWT",2002,10,10.3,6.2,12,NA,NA,0,0,0
"2071","KWT",2003,10,10.1,6.1,11.8,NA,NA,0,0,0
"2072","KWT",2004,10,10,5.9,11.6,NA,NA,0,0,0
"2073","KWT",2005,10,9.8,5.8,11.4,NA,NA,0,0,0
"2074","KWT",2006,10,9.7,5.8,11.2,NA,NA,0,0,0
"2075","KWT",2007,10,9.5,5.7,11.1,NA,NA,0,0,0
"2076","KWT",2008,10,9.4,5.7,10.9,NA,NA,0,0,0
"2077","KWT",2009,10,9.2,5.6,10.7,NA,NA,0,0,0
"2078","KWT",2010,10,8.9,5.5,10.4,NA,NA,0,0,0
"2079","KWT",2011,10,8.5,5.3,10,NA,NA,0,0,0
"2080","KWT",2012,11,8.2,5.2,9.6,NA,NA,0,0,0
"2081","KWT",2013,11,7.9,5.1,9.2,NA,NA,0,0,0
"2082","KWT",2014,11,7.7,5,8.9,NA,NA,0,0,0
"2083","KWT",2015,11,7.5,4.9,8.8,NA,NA,26,1,0
"2084","KWT",2016,12,7.4,4.9,8.7,NA,NA,0,0,1
"2085","KWT",2017,12,7.4,4.9,8.7,NA,NA,0,0,0
"2086","KWT",2018,NA,7.5,4.9,8.7,NA,NA,0,0,0
"2087","KWT",2019,NA,7.5,4.9,8.8,NA,NA,NA,NA,NA
"2088","LAO",2000,544,76.5,38.2,107.2,NA,NA,7,0,0
"2089","LAO",2001,517,73.9,37.3,103.1,NA,NA,0,0,0
"2090","LAO",2002,491,71.3,36.4,98.9,NA,NA,4,0,0
"2091","LAO",2003,465,68.7,35.5,94.8,NA,NA,5,0,0
"2092","LAO",2004,437,66.1,34.6,90.8,NA,NA,4,0,0
"2093","LAO",2005,410,63.6,33.6,86.8,NA,NA,0,0,0
"2094","LAO",2006,385,61.1,32.7,82.9,NA,NA,73,1,0
"2095","LAO",2007,360,58.7,31.7,79.1,NA,NA,0,0,1
"2096","LAO",2008,336,56.3,30.7,75.4,NA,NA,0,0,0
"2097","LAO",2009,314,54,29.8,71.7,NA,NA,0,0,0
"2098","LAO",2010,292,51.8,28.9,68.3,NA,NA,0,0,0
"2099","LAO",2011,272,49.7,28,65.1,NA,NA,0,0,0
"2100","LAO",2012,254,47.6,27.2,61.9,NA,NA,0,0,0
"2101","LAO",2013,238,45.7,26.3,59,NA,NA,0,0,0
"2102","LAO",2014,223,43.8,25.5,56.3,NA,NA,0,0,0
"2103","LAO",2015,209,42.1,24.8,53.8,NA,NA,0,0,0
"2104","LAO",2016,196,40.5,24.1,51.5,NA,NA,0,0,0
"2105","LAO",2017,185,39.1,23.5,49.4,NA,NA,0,0,0
"2106","LAO",2018,NA,37.8,22.8,47.5,NA,NA,0,0,0
"2107","LAO",2019,NA,36.5,22.2,45.7,0,1,NA,NA,NA
"2108","LBN",2000,28,17,11.7,19.9,NA,NA,56,1,1
"2109","LBN",2001,27,16,10.9,18.7,NA,NA,4,0,1
"2110","LBN",2002,26,15.1,10.2,17.5,NA,NA,0,0,0
"2111","LBN",2003,25,14.1,9.6,16.4,NA,NA,1,0,0
"2112","LBN",2004,24,13.1,8.9,15.2,NA,NA,0,0,0
"2113","LBN",2005,24,12.1,8.2,14.1,NA,NA,3,0,0
"2114","LBN",2006,24,11.2,7.6,13,NA,NA,747,1,0
"2115","LBN",2007,23,10.4,7,12.1,NA,NA,0,0,1
"2116","LBN",2008,23,9.8,6.6,11.4,NA,NA,38,1,0
"2117","LBN",2009,23,9.2,6.2,10.7,NA,NA,0,0,1
"2118","LBN",2010,23,8.7,5.9,10.2,NA,NA,0,0,0
"2119","LBN",2011,25,8.3,5.6,9.7,NA,NA,4,0,0
"2120","LBN",2012,25,8,5.4,9.3,NA,NA,53,1,0
"2121","LBN",2013,27,7.7,5.2,9,NA,NA,179,1,1
"2122","LBN",2014,28,7.4,5,8.6,NA,NA,228,1,1
"2123","LBN",2015,29,7.1,4.8,8.3,NA,NA,200,1,1
"2124","LBN",2016,29,6.8,4.6,8,NA,NA,56,1,1
"2125","LBN",2017,29,6.6,4.4,7.7,NA,NA,297,1,1
"2126","LBN",2018,NA,6.4,4.3,7.4,NA,NA,2,0,1
"2127","LBN",2019,NA,6.2,4.1,7.2,NA,NA,NA,NA,NA
"2128","LBR",2000,894,127.9,48.1,189.7,NA,NA,101,1,1
"2129","LBR",2001,913,119.7,46,176.6,NA,NA,481,1,1
"2130","LBR",2002,1010,111.9,43.9,163.7,NA,NA,2259,1,1
"2131","LBR",2003,878,104.3,41.9,151.3,NA,NA,3281,1,1
"2132","LBR",2004,837,97.2,40,139.8,NA,NA,0,0,1
"2133","LBR",2005,816,90.7,38.4,129.6,NA,NA,0,0,0
"2134","LBR",2006,782,85.3,36.9,121,NA,NA,0,0,0
"2135","LBR",2007,754,80.8,35.6,114,NA,NA,0,0,0
"2136","LBR",2008,738,77.2,34.5,108.2,NA,NA,0,0,0
"2137","LBR",2009,724,74.2,33.5,103.6,NA,NA,0,0,0
"2138","LBR",2010,708,71.8,32.9,99.8,NA,NA,0,0,0
"2139","LBR",2011,694,69.9,32.5,96.7,NA,NA,0,0,0
"2140","LBR",2012,683,68.3,32.3,94.2,NA,NA,0,0,0
"2141","LBR",2013,674,66.9,32.3,92,NA,NA,0,0,0
"2142","LBR",2014,688,66,32.3,92.1,NA,NA,0,0,0
"2143","LBR",2015,691,64.4,32.2,88.3,NA,NA,0,0,0
"2144","LBR",2016,661,63.1,32,86.1,NA,NA,0,0,0
"2145","LBR",2017,661,62,31.8,84.3,NA,NA,0,0,0
"2146","LBR",2018,NA,60.8,31.4,82.5,NA,NA,0,0,0
"2147","LBR",2019,NA,59.5,31.1,80.4,NA,NA,NA,NA,NA
"2148","LBY",2000,70,24.1,15.1,28.1,NA,NA,0,0,0
"2149","LBY",2001,68,23.4,14.7,27.3,NA,NA,0,0,0
"2150","LBY",2002,66,22.7,14.3,26.5,NA,NA,0,0,0
"2151","LBY",2003,64,21.9,13.8,25.5,NA,NA,0,0,0
"2152","LBY",2004,61,21,13.2,24.4,NA,NA,0,0,0
"2153","LBY",2005,57,19.8,12.5,23.1,NA,NA,0,0,0
"2154","LBY",2006,55,18.6,11.7,21.7,NA,NA,0,0,0
"2155","LBY",2007,53,17.3,10.9,20.2,NA,NA,0,0,0
"2156","LBY",2008,52,16.1,10.1,18.8,NA,NA,6,0,0
"2157","LBY",2009,53,15.1,9.5,17.6,NA,NA,0,0,0
"2158","LBY",2010,53,14.2,9,16.6,NA,NA,0,0,0
"2159","LBY",2011,56,14.9,8.6,19.4,NA,NA,3914,1,0
"2160","LBY",2012,55,12.9,8.1,15,NA,NA,378,1,1
"2161","LBY",2013,58,12.3,7.7,14.4,NA,NA,36,1,1
"2162","LBY",2014,63,11.8,7.4,13.8,NA,NA,1455,1,1
"2163","LBY",2015,70,11.4,7.1,13.3,NA,NA,1594,1,1
"2164","LBY",2016,73,11,6.9,12.8,NA,NA,2349,1,1
"2165","LBY",2017,72,10.6,6.6,12.3,NA,NA,1096,1,1
"2166","LBY",2018,NA,10.2,6.4,11.9,NA,NA,670,1,1
"2167","LBY",2019,NA,9.9,6.2,11.5,NA,NA,NA,NA,NA
"2168","LCA",2000,86,15.6,11.4,18.4,NA,NA,0,0,0
"2169","LCA",2001,86,15.6,11.6,18.3,NA,NA,0,0,0
"2170","LCA",2002,90,15.6,11.8,18.2,NA,NA,0,0,0
"2171","LCA",2003,92,15.7,12,18.3,NA,NA,0,0,0
"2172","LCA",2004,89,15.8,12.2,18.3,NA,NA,0,0,0
"2173","LCA",2005,83,16,12.3,18.4,NA,NA,0,0,0
"2174","LCA",2006,82,16.1,12.3,18.6,NA,NA,0,0,0
"2175","LCA",2007,87,16.4,12.4,18.8,1,0,0,0,0
"2176","LCA",2008,93,16.6,12.5,19,NA,NA,0,0,0
"2177","LCA",2009,100,16.9,12.6,19.3,NA,NA,0,0,0
"2178","LCA",2010,109,17.3,12.7,19.7,0,1,0,0,0
"2179","LCA",2011,116,17.7,12.8,20,NA,NA,0,0,0
"2180","LCA",2012,116,18.1,12.8,20.4,NA,NA,0,0,0
"2181","LCA",2013,108,18.5,12.7,20.9,NA,NA,0,0,0
"2182","LCA",2014,104,19,12.6,21.4,NA,NA,0,0,0
"2183","LCA",2015,115,19.5,12.4,21.9,NA,NA,0,0,0
"2184","LCA",2016,117,20,12.4,22.4,NA,NA,0,0,0
"2185","LCA",2017,117,20.6,12.4,23,NA,NA,0,0,0
"2186","LCA",2018,NA,21.1,12.5,23.5,NA,NA,0,0,0
"2187","LCA",2019,NA,21.6,12.7,24,NA,NA,NA,NA,NA
"2188","LKA",2000,56,14.2,9.7,16.5,NA,NA,2569,1,1
"2189","LKA",2001,53,13.7,9.1,16,0,1,1162,1,1
"2190","LKA",2002,50,13.4,8.5,15.5,NA,NA,17,0,1
"2191","LKA",2003,50,13,7.9,15.1,NA,NA,33,1,0
"2192","LKA",2004,48,17.7,7.6,28.9,1,0,84,1,1
"2193","LKA",2005,45,12.2,7,14.2,NA,NA,130,1,1
"2194","LKA",2006,47,11.6,6.9,13.5,NA,NA,2173,1,1
"2195","LKA",2007,43,11,6.9,12.8,NA,NA,2564,1,1
"2196","LKA",2008,42,10.5,6.8,12.2,NA,NA,8453,1,1
"2197","LKA",2009,41,13.9,6.8,21.3,NA,NA,10418,1,1
"2198","LKA",2010,38,9.8,6.4,11.4,NA,NA,0,0,1
"2199","LKA",2011,38,9.4,6.3,10.9,NA,NA,2,0,0
"2200","LKA",2012,37,8.9,6.1,10.4,0,1,0,0,0
"2201","LKA",2013,37,8.4,5.9,9.8,NA,NA,5,0,0
"2202","LKA",2014,36,7.9,5.5,9.3,0,1,0,0,0
"2203","LKA",2015,36,7.5,5.1,8.7,NA,NA,0,0,0
"2204","LKA",2016,36,7.1,4.8,8.2,0,1,0,0,0
"2205","LKA",2017,36,6.7,4.6,7.8,NA,NA,1,0,0
"2206","LKA",2018,NA,6.4,4.4,7.5,NA,NA,0,0,0
"2207","LKA",2019,NA,6.2,4.2,7.2,0,1,NA,NA,NA
"2208","LSO",2000,614,70,39.6,106.9,NA,NA,0,0,0
"2209","LSO",2001,633,70.5,39.9,108.8,NA,NA,0,0,0
"2210","LSO",2002,653,71.2,40.1,110.7,0,1,0,0,0
"2211","LSO",2003,671,72.2,40.2,112.7,NA,NA,0,0,0
"2212","LSO",2004,680,73,40.3,114.5,NA,NA,0,0,0
"2213","LSO",2005,679,74,40.5,116.1,NA,NA,0,0,0
"2214","LSO",2006,668,74.5,40.8,116.5,NA,NA,0,0,0
"2215","LSO",2007,652,73.8,41.1,114.3,0,1,0,0,0
"2216","LSO",2008,623,77.1,41.4,113,NA,NA,0,0,0
"2217","LSO",2009,607,73.6,41.7,104.2,NA,NA,0,0,0
"2218","LSO",2010,594,70.9,42,96.4,NA,NA,0,0,0
"2219","LSO",2011,585,69,42.4,93.9,0,1,0,0,0
"2220","LSO",2012,586,70.2,42.8,92.7,NA,NA,0,0,0
"2221","LSO",2013,583,71,43.5,92.6,NA,NA,0,0,0
"2222","LSO",2014,579,71.9,44.1,94.2,NA,NA,0,0,0
"2223","LSO",2015,574,72.6,44.7,94.6,NA,NA,0,0,0
"2224","LSO",2016,559,72.9,45.1,91.5,0,1,0,0,0
"2225","LSO",2017,544,73.1,45.2,91,NA,NA,0,0,0
"2226","LSO",2018,NA,72.1,45.1,90.6,NA,NA,0,0,0
"2227","LSO",2019,NA,71.4,44.8,90.9,0,1,NA,NA,NA
"2228","LTU",2000,17,8.6,4.5,10.7,NA,NA,0,0,0
"2229","LTU",2001,16,8.2,4.4,10.3,NA,NA,0,0,0
"2230","LTU",2002,14,7.9,4.4,9.9,NA,NA,0,0,0
"2231","LTU",2003,14,7.6,4.5,9.5,NA,NA,0,0,0
"2232","LTU",2004,13,7.4,4.5,9.3,NA,NA,0,0,0
"2233","LTU",2005,14,7.3,4.4,9,NA,NA,0,0,0
"2234","LTU",2006,14,6.9,4.1,8.6,0,1,0,0,0
"2235","LTU",2007,14,6.5,3.8,8,NA,NA,0,0,0
"2236","LTU",2008,13,5.9,3.4,7.3,NA,NA,0,0,0
"2237","LTU",2009,11,5.4,3.2,6.7,NA,NA,0,0,0
"2238","LTU",2010,10,4.9,2.9,6,NA,NA,0,0,0
"2239","LTU",2011,10,4.5,2.8,5.5,NA,NA,0,0,0
"2240","LTU",2012,10,4.2,2.6,5.2,NA,NA,0,0,0
"2241","LTU",2013,10,4.1,2.5,5,NA,NA,0,0,0
"2242","LTU",2014,9,4,2.4,4.9,NA,NA,0,0,0
"2243","LTU",2015,9,4,2.4,4.9,NA,NA,0,0,0
"2244","LTU",2016,8,3.9,2.4,4.8,NA,NA,0,0,0
"2245","LTU",2017,8,3.6,2.3,4.4,NA,NA,0,0,0
"2246","LTU",2018,NA,3.3,2.2,4,0,1,0,0,0
"2247","LTU",2019,NA,2.9,2,3.6,NA,NA,NA,NA,NA
"2248","LUX",2000,10,3.7,2.3,4.5,NA,NA,0,0,0
"2249","LUX",2001,10,3.5,2.2,4.2,NA,NA,0,0,0
"2250","LUX",2002,9,3.3,2,4,NA,NA,0,0,0
"2251","LUX",2003,8,3.1,1.9,3.8,NA,NA,0,0,0
"2252","LUX",2004,8,2.9,1.8,3.5,NA,NA,0,0,0
"2253","LUX",2005,9,2.8,1.7,3.4,NA,NA,0,0,0
"2254","LUX",2006,9,2.6,1.7,3.2,NA,NA,0,0,0
"2255","LUX",2007,8,2.5,1.6,3.1,NA,NA,0,0,0
"2256","LUX",2008,6,2.4,1.6,3,NA,NA,0,0,0
"2257","LUX",2009,7,2.4,1.6,2.9,NA,NA,0,0,0
"2258","LUX",2010,8,2.3,1.5,2.8,NA,NA,0,0,0
"2259","LUX",2011,8,2.3,1.5,2.8,NA,NA,0,0,0
"2260","LUX",2012,7,2.3,1.5,2.8,NA,NA,0,0,0
"2261","LUX",2013,6,2.3,1.6,2.8,NA,NA,0,0,0
"2262","LUX",2014,6,2.3,1.6,2.8,NA,NA,0,0,0
"2263","LUX",2015,5,2.3,1.6,2.8,NA,NA,0,0,0
"2264","LUX",2016,5,2.3,1.6,2.8,NA,NA,0,0,0
"2265","LUX",2017,5,2.3,1.7,2.8,NA,NA,0,0,0
"2266","LUX",2018,NA,2.3,1.7,2.8,NA,NA,0,0,0
"2267","LUX",2019,NA,2.3,1.7,2.8,NA,NA,NA,NA,NA
"2268","LVA",2000,34,11.5,7.1,14.2,NA,NA,0,0,0
"2269","LVA",2001,35,10.8,6.6,13.3,NA,NA,0,0,0
"2270","LVA",2002,33,10.2,6.2,12.6,NA,NA,0,0,0
"2271","LVA",2003,34,9.7,5.9,11.9,NA,NA,0,0,0
"2272","LVA",2004,32,9.2,5.6,11.2,NA,NA,0,0,0
"2273","LVA",2005,30,8.6,5.4,10.5,NA,NA,0,0,0
"2274","LVA",2006,32,8.1,5.2,9.8,NA,NA,0,0,0
"2275","LVA",2007,32,7.7,5,9.3,NA,NA,0,0,0
"2276","LVA",2008,29,7.3,4.8,8.8,NA,NA,0,0,0
"2277","LVA",2009,28,6.9,4.5,8.3,NA,NA,0,0,0
"2278","LVA",2010,26,6.5,4.2,7.8,NA,NA,0,0,0
"2279","LVA",2011,26,6.1,3.9,7.2,NA,NA,0,0,0
"2280","LVA",2012,23,5.6,3.5,6.6,NA,NA,0,0,0
"2281","LVA",2013,27,5.1,3.2,6,NA,NA,0,0,0
"2282","LVA",2014,24,4.6,2.9,5.5,NA,NA,0,0,0
"2283","LVA",2015,23,4.3,2.7,5,NA,NA,0,0,0
"2284","LVA",2016,26,4,2.6,4.7,NA,NA,0,0,0
"2285","LVA",2017,19,3.8,2.4,4.4,NA,NA,0,0,0
"2286","LVA",2018,NA,3.6,2.4,4.2,NA,NA,0,0,0
"2287","LVA",2019,NA,3.5,2.3,4.1,NA,NA,NA,NA,NA
"2288","MAR",2000,188,43.9,28.4,52.3,NA,NA,0,0,0
"2289","MAR",2001,174,42.3,27.7,50.1,NA,NA,0,0,0
"2290","MAR",2002,162,40.6,27,48,NA,NA,0,0,0
"2291","MAR",2003,152,39,26.2,45.9,NA,NA,34,1,0
"2292","MAR",2004,142,37.2,25.5,43.7,1,0,0,0,1
"2293","MAR",2005,131,35.5,24.6,41.5,NA,NA,0,0,0
"2294","MAR",2006,121,33.6,23.7,39.3,NA,NA,0,0,0
"2295","MAR",2007,113,31.8,22.8,37.1,NA,NA,0,0,0
"2296","MAR",2008,106,30.1,21.7,35,NA,NA,0,0,0
"2297","MAR",2009,99,28.4,20.5,33,NA,NA,0,0,0
"2298","MAR",2010,92,26.8,19.3,31.2,NA,NA,0,0,0
"2299","MAR",2011,86,25.3,18.2,29.5,NA,NA,0,0,0
"2300","MAR",2012,81,23.9,17.2,27.8,NA,NA,0,0,0
"2301","MAR",2013,78,22.6,16.2,26.3,NA,NA,0,0,0
"2302","MAR",2014,76,21.3,15.3,24.9,NA,NA,0,0,0
"2303","MAR",2015,74,20.2,14.5,23.5,NA,NA,0,0,0
"2304","MAR",2016,72,19.1,13.8,22.3,NA,NA,0,0,0
"2305","MAR",2017,70,18.2,13.1,21.2,NA,NA,0,0,0
"2306","MAR",2018,NA,17.4,12.5,20.3,NA,NA,0,0,0
"2307","MAR",2019,NA,16.7,12,19.5,NA,NA,NA,NA,NA
"2308","MDA",2000,44,26.2,20.4,31.5,0,1,0,0,0
"2309","MDA",2001,39,23.9,18.7,28.6,NA,NA,0,0,0
"2310","MDA",2002,38,21.7,17.1,25.8,NA,NA,0,0,0
"2311","MDA",2003,36,19.8,15.6,23.3,NA,NA,0,0,0
"2312","MDA",2004,32,18.3,14.5,21.5,NA,NA,0,0,0
"2313","MDA",2005,34,17.1,13.8,20.1,NA,NA,0,0,0
"2314","MDA",2006,31,16.3,13.3,19,NA,NA,0,0,0
"2315","MDA",2007,31,15.7,13,18.3,0,1,0,0,0
"2316","MDA",2008,29,15.3,12.8,17.8,NA,NA,0,0,0
"2317","MDA",2009,28,15,12.7,17.4,NA,NA,0,0,0
"2318","MDA",2010,29,14.7,12.6,17.1,NA,NA,0,0,0
"2319","MDA",2011,21,14.5,12.4,16.8,NA,NA,0,0,0
"2320","MDA",2012,22,14.2,12.2,16.5,0,1,0,0,0
"2321","MDA",2013,21,14,12,16.3,NA,NA,0,0,0
"2322","MDA",2014,23,13.7,11.7,16,NA,NA,0,0,0
"2323","MDA",2015,22,13.6,11.5,15.8,NA,NA,0,0,0
"2324","MDA",2016,20,13.3,11.3,15.5,NA,NA,0,0,0
"2325","MDA",2017,19,13.1,11.2,15.3,NA,NA,0,0,0
"2326","MDA",2018,NA,12.9,11,15,NA,NA,0,0,0
"2327","MDA",2019,NA,12.7,10.8,14.8,NA,NA,NA,NA,NA
"2328","MDG",2000,559,67.5,30.7,105.4,0,1,0,0,0
"2329","MDG",2001,552,64.9,29.9,100.8,NA,NA,0,0,0
"2330","MDG",2002,547,62.5,29.2,96.5,0,1,79,1,0
"2331","MDG",2003,543,60.2,28.5,92.4,NA,NA,0,0,1
"2332","MDG",2004,539,58,27.9,88.5,NA,NA,0,0,0
"2333","MDG",2005,526,55.9,27.3,84.8,0,1,0,0,0
"2334","MDG",2006,513,53.9,26.7,81.3,NA,NA,0,0,0
"2335","MDG",2007,503,52,26,77.9,NA,NA,0,0,0
"2336","MDG",2008,491,50.3,25.5,74.8,0,1,0,0,0
"2337","MDG",2009,474,48.6,24.9,72,NA,NA,113,1,0
"2338","MDG",2010,453,47.1,24.4,69.3,NA,NA,0,0,1
"2339","MDG",2011,432,45.8,24,67,NA,NA,0,0,0
"2340","MDG",2012,413,44.6,23.6,64.8,NA,NA,15,0,0
"2341","MDG",2013,394,43.4,23.1,62.7,NA,NA,0,0,0
"2342","MDG",2014,378,42.3,22.7,60.8,0,1,0,0,0
"2343","MDG",2015,363,41.3,22.3,59,NA,NA,0,0,0
"2344","MDG",2016,348,40.3,21.9,57.2,0,1,0,0,0
"2345","MDG",2017,335,39.3,21.5,55.5,0,1,1,0,0
"2346","MDG",2018,NA,38.2,21.1,53.7,NA,NA,0,0,0
"2347","MDG",2019,NA,37.2,20.7,51.9,NA,NA,NA,NA,NA
"2348","MDV",2000,125,31.7,22.4,39,NA,NA,0,0,0
"2349","MDV",2001,111,28.5,20,34.6,NA,NA,0,0,0
"2350","MDV",2002,105,25.5,17.5,30.7,NA,NA,0,0,0
"2351","MDV",2003,97,22.8,15.3,27.1,NA,NA,0,0,0
"2352","MDV",2004,89,21.4,13.6,26.9,1,0,0,0,0
"2353","MDV",2005,75,18.3,12.1,21.5,NA,NA,0,0,0
"2354","MDV",2006,71,16.5,10.9,19.3,NA,NA,0,0,0
"2355","MDV",2007,71,15.1,9.9,17.6,NA,NA,0,0,0
"2356","MDV",2008,72,13.8,9,16.1,NA,NA,0,0,0
"2357","MDV",2009,71,12.8,8.3,14.9,NA,NA,0,0,0
"2358","MDV",2010,67,11.9,7.7,13.9,NA,NA,0,0,0
"2359","MDV",2011,62,11.1,7,12.9,NA,NA,0,0,0
"2360","MDV",2012,60,10.4,6.5,12.1,NA,NA,0,0,0
"2361","MDV",2013,58,9.7,6.2,11.3,NA,NA,0,0,0
"2362","MDV",2014,56,9.1,5.9,10.5,NA,NA,0,0,0
"2363","MDV",2015,54,8.4,5.7,9.8,NA,NA,0,0,0
"2364","MDV",2016,54,7.7,5.5,9,NA,NA,0,0,0
"2365","MDV",2017,53,7.1,5.2,8.3,NA,NA,0,0,0
"2366","MDV",2018,NA,6.5,4.9,7.6,NA,NA,0,0,0
"2367","MDV",2019,NA,6,4.5,7,NA,NA,NA,NA,NA
"2368","MEX",2000,55,23.8,14.4,28.4,1,0,0,0,0
"2369","MEX",2001,55,22.8,13.4,27.1,NA,NA,0,0,0
"2370","MEX",2002,56,21.9,12.4,26,0,1,26,1,0
"2371","MEX",2003,55,21,11.4,24.9,1,0,0,0,1
"2372","MEX",2004,54,20.2,10.5,23.9,NA,NA,220,1,0
"2373","MEX",2005,54,19.5,9.9,22.9,NA,NA,204,1,1
"2374","MEX",2006,51,18.8,9.4,22.1,NA,NA,669,1,1
"2375","MEX",2007,49,18.2,9.3,21.3,NA,NA,1943,1,1
"2376","MEX",2008,49,17.6,9.2,20.6,NA,NA,2188,1,1
"2377","MEX",2009,51,17,9.1,19.9,NA,NA,3598,1,1
"2378","MEX",2010,46,16.4,9,19.2,1,0,3582,1,1
"2379","MEX",2011,43,15.9,8.9,18.5,1,0,2893,1,1
"2380","MEX",2011,43,15.9,8.9,18.5,0,1,2893,1,1
"2381","MEX",2012,41,15.4,8.7,17.9,1,0,1699,1,1
"2382","MEX",2013,39,14.9,8.5,17.3,NA,NA,776,1,1
"2383","MEX",2014,38,14.4,8.3,16.8,1,0,1646,1,1
"2384","MEX",2014,38,14.4,8.3,16.8,1,0,1646,1,1
"2385","MEX",2015,36,13.9,8.3,16.2,NA,NA,1654,1,1
"2386","MEX",2016,34,13.5,8.4,15.7,NA,NA,1320,1,1
"2387","MEX",2017,33,13,8.6,15.2,1,0,1465,1,1
"2388","MEX",2017,33,13,8.6,15.2,1,0,1465,1,1
"2389","MEX",2018,NA,12.6,8.7,14.6,1,0,8803,1,1
"2390","MEX",2019,NA,12.2,8.6,14.1,NA,NA,NA,NA,NA
"2391","MHL",2000,NA,33.9,18.8,42,NA,NA,0,0,0
"2392","MHL",2001,NA,33.9,18.9,42.1,NA,NA,0,0,0
"2393","MHL",2002,NA,33.8,18.8,41.9,NA,NA,0,0,0
"2394","MHL",2003,NA,33.6,18.7,41.7,NA,NA,0,0,0
"2395","MHL",2004,NA,33.4,18.6,41.3,NA,NA,0,0,0
"2396","MHL",2005,NA,33.2,18.5,41,NA,NA,0,0,0
"2397","MHL",2006,NA,32.9,18.3,40.6,NA,NA,0,0,0
"2398","MHL",2007,NA,32.6,18.2,40.2,NA,NA,0,0,0
"2399","MHL",2008,NA,32.3,18.1,39.8,NA,NA,0,0,0
"2400","MHL",2009,NA,32,18,39.4,NA,NA,0,0,0
"2401","MHL",2010,NA,31.7,17.8,39,NA,NA,0,0,0
"2402","MHL",2011,NA,31.4,17.6,38.6,NA,NA,0,0,0
"2403","MHL",2012,NA,30.9,17.4,37.9,NA,NA,0,0,0
"2404","MHL",2013,NA,30.4,17.2,37.2,0,1,0,0,0
"2405","MHL",2014,NA,29.7,16.9,36.3,NA,NA,0,0,0
"2406","MHL",2015,NA,29.1,16.5,35.4,0,1,0,0,0
"2407","MHL",2016,NA,28.4,16,34.4,NA,NA,0,0,0
"2408","MHL",2017,NA,27.7,15.6,33.5,NA,NA,0,0,0
"2409","MHL",2018,NA,26.9,15.1,32.5,NA,NA,0,0,0
"2410","MHL",2019,NA,26.3,14.7,31.6,NA,NA,NA,NA,NA
"2411","MKD",2000,13,14.3,9.6,16,NA,NA,3,0,0
"2412","MKD",2001,12,13.2,9,14.8,NA,NA,72,1,0
"2413","MKD",2002,12,12.8,8.9,14.3,NA,NA,0,0,1
"2414","MKD",2003,10,12.8,9,14.4,NA,NA,0,0,0
"2415","MKD",2004,11,12.7,9,14.3,NA,NA,0,0,0
"2416","MKD",2005,10,12.2,8.7,13.7,NA,NA,0,0,0
"2417","MKD",2006,10,11.5,8.4,13,NA,NA,0,0,0
"2418","MKD",2007,10,10.9,8.1,12.3,NA,NA,0,0,0
"2419","MKD",2008,8,10.3,7.8,11.7,NA,NA,0,0,0
"2420","MKD",2009,8,9.7,7.4,11,NA,NA,0,0,0
"2421","MKD",2010,8,9.2,7,10.4,NA,NA,0,0,0
"2422","MKD",2011,8,8.8,6.7,10,NA,NA,0,0,0
"2423","MKD",2012,8,9,6.9,10.1,NA,NA,0,0,0
"2424","MKD",2013,8,9.4,7.4,10.6,NA,NA,0,0,0
"2425","MKD",2014,8,9.9,7.9,11.2,NA,NA,0,0,0
"2426","MKD",2015,8,10,8.1,11.4,NA,NA,0,0,0
"2427","MKD",2016,8,9.6,7.8,10.9,1,0,0,0,0
"2428","MKD",2017,7,8.5,6.8,9.6,NA,NA,0,0,0
"2429","MKD",2018,NA,7.1,5.5,8.1,NA,NA,0,0,0
"2430","MKD",2019,NA,6,4.5,6.8,NA,NA,NA,NA,NA
"2431","MLI",2000,836,101.5,51,187.4,NA,NA,0,0,1
"2432","MLI",2001,797,98.8,49.3,181.1,0,1,0,0,0
"2433","MLI",2002,764,96.1,47.6,174.7,NA,NA,5,0,0
"2434","MLI",2003,739,93.3,46.1,168.3,NA,NA,0,0,0
"2435","MLI",2004,715,90.7,44.7,162.2,NA,NA,20,0,0
"2436","MLI",2005,691,88.1,43.6,156.4,0,1,12,0,0
"2437","MLI",2006,675,85.7,42.6,150.8,0,1,0,0,0
"2438","MLI",2007,663,83.3,41.7,145.4,NA,NA,39,1,0
"2439","MLI",2008,661,81.1,40.8,140.2,NA,NA,113,1,1
"2440","MLI",2009,661,78.8,39.8,135.1,NA,NA,127,1,1
"2441","MLI",2010,660,76.7,38.9,130.3,0,1,28,1,1
"2442","MLI",2011,663,74.6,38,125.6,0,1,23,0,1
"2443","MLI",2012,663,72.6,37.1,121,NA,NA,359,1,0
"2444","MLI",2013,663,70.6,36.4,116.6,NA,NA,881,1,1
"2445","MLI",2014,642,68.7,35.6,112.4,NA,NA,291,1,1
"2446","MLI",2015,620,66.8,34.9,108.3,NA,NA,256,1,1
"2447","MLI",2016,590,65.1,34.2,104.5,NA,NA,182,1,1
"2448","MLI",2017,562,63.4,33.6,100.9,NA,NA,605,1,1
"2449","MLI",2018,NA,61.8,32.9,97.4,NA,NA,1281,1,1
"2450","MLI",2019,NA,60.3,32.3,94.2,NA,NA,NA,NA,NA
"2451","MLT",2000,9,6.9,5.2,7.8,NA,NA,0,0,0
"2452","MLT",2001,10,6.6,5,7.5,NA,NA,0,0,0
"2453","MLT",2002,9,6.5,4.9,7.3,NA,NA,0,0,0
"2454","MLT",2003,10,6.3,4.8,7.2,NA,NA,0,0,0
"2455","MLT",2004,9,6.2,4.7,7.1,NA,NA,0,0,0
"2456","MLT",2005,8,6.1,4.6,7,NA,NA,0,0,0
"2457","MLT",2006,8,6,4.5,6.9,NA,NA,0,0,0
"2458","MLT",2007,8,6,4.5,6.8,NA,NA,0,0,0
"2459","MLT",2008,8,5.9,4.5,6.8,NA,NA,0,0,0
"2460","MLT",2009,7,5.9,4.5,6.7,NA,NA,0,0,0
"2461","MLT",2010,8,5.8,4.4,6.7,NA,NA,0,0,0
"2462","MLT",2011,7,5.8,4.4,6.6,NA,NA,0,0,0
"2463","MLT",2012,7,5.8,4.4,6.6,NA,NA,0,0,0
"2464","MLT",2013,7,5.8,4.4,6.6,NA,NA,0,0,0
"2465","MLT",2014,6,5.8,4.4,6.6,NA,NA,0,0,0
"2466","MLT",2015,7,5.7,4.4,6.6,NA,NA,0,0,0
"2467","MLT",2016,6,5.7,4.4,6.6,NA,NA,0,0,0
"2468","MLT",2017,6,5.7,4.4,6.6,NA,NA,0,0,0
"2469","MLT",2018,NA,5.7,4.4,6.5,NA,NA,0,0,0
"2470","MLT",2019,NA,5.7,4.3,6.5,NA,NA,NA,NA,NA
"2471","MMR",2000,340,65.4,37.6,89.6,NA,NA,748,1,1
"2472","MMR",2001,331,63.8,36.6,87.1,NA,NA,385,1,1
"2473","MMR",2002,323,62.3,35.6,84.7,NA,NA,543,1,1
"2474","MMR",2003,314,60.7,34.5,82.3,NA,NA,272,1,1
"2475","MMR",2004,307,59.1,33.6,79.7,1,0,177,1,1
"2476","MMR",2005,299,57.4,32.6,77.2,NA,NA,447,1,1
"2477","MMR",2006,293,55.8,31.7,74.5,NA,NA,452,1,1
"2478","MMR",2007,287,54.1,30.9,71.8,NA,NA,700,1,1
"2479","MMR",2008,289,63.4,30.5,98.4,NA,NA,102,1,1
"2480","MMR",2009,274,50.5,29.2,66.3,NA,NA,225,1,1
"2481","MMR",2010,265,48.8,28.5,63.7,NA,NA,185,1,1
"2482","MMR",2011,259,47,27.8,61,1,0,810,1,1
"2483","MMR",2012,254,45.4,27.1,58.6,1,0,971,1,1
"2484","MMR",2013,251,43.8,26.5,56.2,NA,NA,358,1,1
"2485","MMR",2014,247,42.3,25.9,54.1,NA,NA,256,1,1
"2486","MMR",2015,246,41,25.2,52.2,NA,NA,705,1,1
"2487","MMR",2016,245,39.7,24.6,50.3,1,0,183,1,1
"2488","MMR",2017,250,38.5,24,48.5,NA,NA,2395,1,1
"2489","MMR",2018,NA,37.2,23.4,46.8,NA,NA,122,1,1
"2490","MMR",2019,NA,36.1,22.9,45.2,NA,NA,NA,NA,NA
"2491","MNE",2000,12,12.5,8.6,14.2,NA,NA,0,0,0
"2492","MNE",2001,12,12,8.4,13.6,NA,NA,0,0,0
"2493","MNE",2002,11,11.4,8.2,12.9,NA,NA,0,0,0
"2494","MNE",2003,11,10.6,7.9,12.2,NA,NA,0,0,0
"2495","MNE",2004,10,9.9,7.4,11.4,NA,NA,0,0,0
"2496","MNE",2005,9,9.2,6.9,10.5,NA,NA,0,0,0
"2497","MNE",2006,9,8.4,6.4,9.7,NA,NA,0,0,0
"2498","MNE",2007,8,7.7,5.9,8.9,NA,NA,0,0,0
"2499","MNE",2008,8,7,5.4,8.1,NA,NA,0,0,0
"2500","MNE",2009,8,6.3,4.9,7.4,NA,NA,0,0,0
"2501","MNE",2010,7,5.7,4.4,6.7,NA,NA,0,0,0
"2502","MNE",2011,7,5.1,3.9,6.1,NA,NA,0,0,0
"2503","MNE",2012,7,4.6,3.5,5.5,NA,NA,0,0,0
"2504","MNE",2013,6,4.1,3,4.9,NA,NA,0,0,0
"2505","MNE",2014,6,3.7,2.6,4.4,NA,NA,0,0,0
"2506","MNE",2015,6,3.3,2.3,4,NA,NA,0,0,0
"2507","MNE",2016,6,3,1.9,3.6,NA,NA,0,0,0
"2508","MNE",2017,6,2.6,1.7,3.2,NA,NA,0,0,0
"2509","MNE",2018,NA,2.4,1.4,2.9,NA,NA,0,0,0
"2510","MNE",2019,NA,2.1,1.3,2.6,NA,NA,NA,NA,NA
"2511","MNG",2000,155,48.6,23.7,63.5,0,1,0,0,0
"2512","MNG",2001,138,45.3,22.4,58.5,NA,NA,0,0,0
"2513","MNG",2002,124,42,21.2,53.7,NA,NA,0,0,0
"2514","MNG",2003,114,38.9,19.9,49.1,NA,NA,0,0,0
"2515","MNG",2004,106,35.9,18.7,44.9,NA,NA,0,0,0
"2516","MNG",2005,98,33.1,17.6,40.9,NA,NA,0,0,0
"2517","MNG",2006,91,30.5,16.5,37.4,NA,NA,0,0,0
"2518","MNG",2007,85,28.1,15,34.1,NA,NA,0,0,0
"2519","MNG",2008,80,25.9,13.6,31.2,NA,NA,0,0,0
"2520","MNG",2009,73,23.9,12.4,28.6,NA,NA,0,0,0
"2521","MNG",2010,66,22.1,11.4,26.3,NA,NA,0,0,0
"2522","MNG",2011,59,20.6,10.8,24.4,NA,NA,0,0,0
"2523","MNG",2012,54,19.4,10.3,22.8,NA,NA,0,0,0
"2524","MNG",2013,51,18.3,10,21.5,NA,NA,0,0,0
"2525","MNG",2014,49,17.4,9.8,20.4,NA,NA,0,0,0
"2526","MNG",2015,47,16.6,9.6,19.4,NA,NA,0,0,0
"2527","MNG",2016,46,15.9,9.3,18.5,NA,NA,0,0,0
"2528","MNG",2017,45,15.1,9,17.6,NA,NA,0,0,0
"2529","MNG",2018,NA,14.4,8.7,16.8,NA,NA,0,0,0
"2530","MNG",2019,NA,13.8,8.3,16,NA,NA,NA,NA,NA
"2531","MOZ",2000,798,112.4,46.6,170.4,NA,NA,0,0,0
"2532","MOZ",2001,745,106.1,44.5,161,0,1,0,0,0
"2533","MOZ",2001,745,106.1,44.5,161,0,1,0,0,0
"2534","MOZ",2002,700,100.3,42.6,152.6,NA,NA,0,0,0
"2535","MOZ",2003,657,95.3,40.9,145,0,1,0,0,0
"2536","MOZ",2004,615,90.8,39.4,138.2,NA,NA,1,0,0
"2537","MOZ",2005,577,86.9,38.2,132,0,1,13,0,0
"2538","MOZ",2006,539,83.2,37.1,126.2,1,0,0,0,0
"2539","MOZ",2007,505,78,36.1,118.8,0,1,0,0,0
"2540","MOZ",2008,471,75.6,35.3,112.9,0,1,0,0,0
"2541","MOZ",2009,439,72.7,34.6,107.3,NA,NA,0,0,0
"2542","MOZ",2010,412,72.5,34,104.9,0,1,7,0,0
"2543","MOZ",2011,389,68.8,33.4,100.5,NA,NA,0,0,0
"2544","MOZ",2012,371,66.4,32.8,96.3,NA,NA,2,0,0
"2545","MOZ",2013,356,64.7,32.3,92.3,NA,NA,45,1,0
"2546","MOZ",2014,339,63,31.8,88.4,NA,NA,30,1,1
"2547","MOZ",2015,318,61.3,31.3,84,NA,NA,3,0,1
"2548","MOZ",2016,301,59.4,30.7,80.4,0,1,68,1,0
"2549","MOZ",2017,289,57.5,30.1,78,NA,NA,3,0,1
"2550","MOZ",2018,NA,56,29.5,75.6,NA,NA,173,1,0
"2551","MOZ",2019,NA,54.3,28.9,72.9,NA,NA,NA,NA,NA
"2552","MRT",2000,834,69.1,42.5,112.5,NA,NA,0,0,0
"2553","MRT",2001,835,68.9,42.1,112.1,0,1,0,0,0
"2554","MRT",2002,836,68.6,41.8,111.5,NA,NA,0,0,0
"2555","MRT",2003,836,68.3,41.5,110.8,NA,NA,0,0,0
"2556","MRT",2004,830,67.8,41.3,109.7,NA,NA,0,0,0
"2557","MRT",2005,826,67,40.9,108.1,NA,NA,0,0,0
"2558","MRT",2006,821,66.1,40.4,106.1,NA,NA,0,0,0
"2559","MRT",2007,820,65,39.9,103.7,NA,NA,4,0,0
"2560","MRT",2008,819,63.8,39.3,101.1,NA,NA,12,0,0
"2561","MRT",2009,822,62.5,38.6,98.4,NA,NA,1,0,0
"2562","MRT",2010,824,61.2,37.9,95.6,0,1,1,0,0
"2563","MRT",2011,822,60,37.2,93,0,1,13,0,0
"2564","MRT",2012,812,58.8,36.5,90.5,NA,NA,1,0,0
"2565","MRT",2013,805,57.5,35.8,87.7,NA,NA,0,0,0
"2566","MRT",2014,796,56.2,35.2,85.1,NA,NA,0,0,0
"2567","MRT",2015,785,55,34.6,82.7,NA,NA,0,0,0
"2568","MRT",2016,777,53.8,33.8,80.1,NA,NA,0,0,0
"2569","MRT",2017,766,52.6,33.1,77.7,0,1,0,0,0
"2570","MRT",2018,NA,51.5,32.4,75.5,0,1,0,0,0
"2571","MRT",2019,NA,50.2,31.8,73,NA,NA,NA,NA,NA
"2572","MUS",2000,59,16.6,12.4,18.8,NA,NA,0,0,0
"2573","MUS",2001,54,15.3,11.3,17.5,NA,NA,0,0,0
"2574","MUS",2002,54,14.4,10.6,16.6,NA,NA,0,0,0
"2575","MUS",2003,57,13.8,10.2,16,NA,NA,0,0,0
"2576","MUS",2004,54,13.5,10.1,15.8,NA,NA,0,0,0
"2577","MUS",2005,53,13.4,10.2,15.6,NA,NA,0,0,0
"2578","MUS",2006,55,13.2,10.2,15.5,NA,NA,0,0,0
"2579","MUS",2007,56,13,10,15.2,NA,NA,0,0,0
"2580","MUS",2008,53,12.7,9.7,14.9,NA,NA,0,0,0
"2581","MUS",2009,59,12.5,9.4,14.6,NA,NA,0,0,0
"2582","MUS",2010,66,12.5,9.3,14.5,NA,NA,0,0,0
"2583","MUS",2011,54,12.6,9.3,14.6,NA,NA,0,0,0
"2584","MUS",2012,63,13,9.5,14.9,NA,NA,0,0,0
"2585","MUS",2013,60,13.1,9.5,15,NA,NA,0,0,0
"2586","MUS",2014,70,12.9,9.3,14.8,NA,NA,0,0,0
"2587","MUS",2015,73,12.8,9.1,14.5,NA,NA,0,0,0
"2588","MUS",2016,67,12.8,9.1,14.5,NA,NA,0,0,0
"2589","MUS",2017,61,13.2,9.3,14.9,NA,NA,0,0,0
"2590","MUS",2018,NA,13.7,9.7,15.4,NA,NA,0,0,0
"2591","MUS",2019,NA,14.3,10.1,16,NA,NA,NA,NA,NA
"2592","MWI",2000,749,100.5,39.1,174.6,NA,NA,0,0,0
"2593","MWI",2001,735,92.9,37,160.5,NA,NA,0,0,0
"2594","MWI",2002,714,84.6,34.8,145.5,0,1,0,0,0
"2595","MWI",2003,687,76.8,32.7,131.6,NA,NA,0,0,0
"2596","MWI",2004,654,70.1,31,119.7,NA,NA,0,0,0
"2597","MWI",2005,610,65,29.8,110.5,0,1,0,0,0
"2598","MWI",2006,566,61.6,29.2,104.2,NA,NA,0,0,0
"2599","MWI",2007,526,59.6,28.9,99.9,0,1,0,0,0
"2600","MWI",2008,493,56.5,28.8,94.5,NA,NA,0,0,0
"2601","MWI",2009,466,54.5,28.5,89.4,1,0,0,0,0
"2602","MWI",2009,466,54.5,28.5,89.4,1,0,0,0,0
"2603","MWI",2010,444,52.4,27.9,84.2,NA,NA,0,0,0
"2604","MWI",2011,428,48.8,27.1,77.6,NA,NA,0,0,0
"2605","MWI",2012,413,45.6,26,70.7,0,1,0,0,0
"2606","MWI",2013,396,42.2,24.8,63.4,NA,NA,0,0,0
"2607","MWI",2014,381,39.2,23.7,57.6,NA,NA,0,0,0
"2608","MWI",2015,370,36.7,22.7,53.3,0,1,0,0,0
"2609","MWI",2016,358,34.6,21.8,49.5,NA,NA,0,0,0
"2610","MWI",2017,349,32.8,21,46.2,NA,NA,0,0,0
"2611","MWI",2018,NA,31.4,20.3,43.1,NA,NA,0,0,0
"2612","MWI",2019,NA,30.1,19.7,40.6,NA,NA,NA,NA,NA
"2613","MYS",2000,38,8.7,4.8,10.2,NA,NA,0,0,0
"2614","MYS",2001,36,8.1,4.5,9.4,NA,NA,0,0,0
"2615","MYS",2002,34,7.6,4.3,8.9,NA,NA,0,0,0
"2616","MYS",2003,33,7.3,4.1,8.5,NA,NA,0,0,0
"2617","MYS",2004,32,7.1,4,8.3,1,0,0,0,0
"2618","MYS",2005,31,7,4,8.2,NA,NA,0,0,0
"2619","MYS",2006,30,7,4,8.1,NA,NA,0,0,0
"2620","MYS",2007,30,6.9,4,8.1,NA,NA,0,0,0
"2621","MYS",2008,29,6.9,4.1,8.1,NA,NA,0,0,0
"2622","MYS",2009,29,6.9,4.1,8.1,NA,NA,0,0,0
"2623","MYS",2010,30,6.9,4.2,8.1,NA,NA,0,0,0
"2624","MYS",2011,30,6.8,4.1,8,NA,NA,0,0,0
"2625","MYS",2012,30,6.8,4.1,8,NA,NA,0,0,0
"2626","MYS",2013,30,6.8,4.1,8,NA,NA,70,1,0
"2627","MYS",2014,30,6.8,4.1,8,0,1,0,0,1
"2628","MYS",2015,30,6.9,4.2,8.1,1,0,0,0,0
"2629","MYS",2016,29,7,4.3,8.1,NA,NA,0,0,0
"2630","MYS",2017,29,7.1,4.4,8.3,NA,NA,1,0,0
"2631","MYS",2018,NA,7.2,4.5,8.4,NA,NA,0,0,0
"2632","MYS",2019,NA,7.3,4.6,8.6,NA,NA,NA,NA,NA
"2633","NAM",2000,348,45,23.4,75.8,NA,NA,66,1,0
"2634","NAM",2001,352,44.2,22.6,75.3,0,1,0,0,1
"2635","NAM",2002,356,43.6,21.8,74.7,0,1,5,0,0
"2636","NAM",2003,359,43.3,21,74.4,NA,NA,0,0,0
"2637","NAM",2004,358,42.7,20.5,74.4,NA,NA,0,0,0
"2638","NAM",2005,346,39.4,20,70.6,NA,NA,0,0,0
"2639","NAM",2006,328,37.3,19.8,65.4,NA,NA,0,0,0
"2640","NAM",2007,306,37.6,19.9,60.8,NA,NA,0,0,0
"2641","NAM",2008,284,37.5,20.2,55.1,NA,NA,0,0,0
"2642","NAM",2009,276,38.5,20.7,51.6,NA,NA,0,0,0
"2643","NAM",2010,266,36.8,21,49.1,NA,NA,0,0,0
"2644","NAM",2011,256,36.9,21.3,48.9,NA,NA,0,0,0
"2645","NAM",2012,240,37.9,21.6,50.5,NA,NA,0,0,0
"2646","NAM",2013,231,35.8,21.7,49.1,0,1,0,0,0
"2647","NAM",2014,223,34,21.8,47.9,NA,NA,0,0,0
"2648","NAM",2015,217,33.3,21.7,47.6,0,1,0,0,0
"2649","NAM",2016,207,32.8,21.5,46.3,NA,NA,0,0,0
"2650","NAM",2017,195,32.2,21.2,44.9,NA,NA,0,0,0
"2651","NAM",2018,NA,31.7,20.8,43.9,0,1,0,0,0
"2652","NAM",2019,NA,30.9,20.5,41.9,NA,NA,NA,NA,NA
"2653","NER",2000,813,97,43,224.9,NA,NA,0,0,0
"2654","NER",2001,803,93.7,41.6,215.2,0,1,0,0,0
"2655","NER",2002,795,90.1,40.2,204.5,NA,NA,0,0,0
"2656","NER",2003,782,86.2,38.9,193.1,NA,NA,0,0,0
"2657","NER",2004,770,82.3,37.7,181.5,NA,NA,4,0,0
"2658","NER",2005,755,78.5,36.5,170.2,0,1,0,0,0
"2659","NER",2006,739,74.8,35.3,159.3,NA,NA,0,0,0
"2660","NER",2007,725,71.3,34.1,149,NA,NA,98,1,0
"2661","NER",2008,709,67.9,32.9,139.3,NA,NA,56,1,1
"2662","NER",2009,688,64.8,31.8,130.3,0,1,0,0,1
"2663","NER",2010,663,61.9,30.7,121.9,NA,NA,0,0,0
"2664","NER",2011,639,59.3,29.7,114.5,0,1,0,0,0
"2665","NER",2012,616,57,28.8,108.2,NA,NA,1,0,0
"2666","NER",2013,594,55,28,102.7,NA,NA,31,1,0
"2667","NER",2014,573,53.4,27.4,98,NA,NA,5,0,1
"2668","NER",2015,555,51.8,26.8,93.8,0,1,533,1,0
"2669","NER",2016,530,50.4,26.2,90.1,NA,NA,299,1,1
"2670","NER",2017,509,49.1,25.7,86.6,0,1,255,1,1
"2671","NER",2018,NA,47.9,25.1,83.5,NA,NA,181,1,1
"2672","NER",2019,NA,46.7,24.6,80.3,NA,NA,NA,NA,NA
"2673","NGA",2000,1200,109.8,46.4,182.9,NA,NA,2104,1,1
"2674","NGA",2001,1200,106.8,45.3,177.3,NA,NA,2417,1,1
"2675","NGA",2002,1180,103.8,44.1,171.5,NA,NA,612,1,1
"2676","NGA",2003,1170,100.8,43,165.9,NA,NA,443,1,1
"2677","NGA",2004,1130,97.8,41.9,160.3,NA,NA,2118,1,1
"2678","NGA",2005,1080,95,40.9,155,NA,NA,216,1,1
"2679","NGA",2006,1040,92.3,40.1,150.1,NA,NA,225,1,1
"2680","NGA",2007,1010,89.8,39.5,145.6,NA,NA,153,1,1
"2681","NGA",2008,996,87.7,39,141.7,NA,NA,425,1,1
"2682","NGA",2009,987,85.9,38.5,138.3,NA,NA,530,1,1
"2683","NGA",2010,978,84.3,38.1,135.5,NA,NA,980,1,1
"2684","NGA",2011,972,83,37.8,133.1,NA,NA,1830,1,1
"2685","NGA",2012,963,81.9,37.6,131.1,NA,NA,2016,1,1
"2686","NGA",2013,951,81,37.5,129.4,NA,NA,3382,1,1
"2687","NGA",2014,943,80.1,37.3,127.9,NA,NA,10338,1,1
"2688","NGA",2015,931,79.3,37.2,126.4,NA,NA,9107,1,1
"2689","NGA",2016,925,78.3,37,124.7,NA,NA,3902,1,1
"2690","NGA",2017,917,77.1,36.7,122.5,NA,NA,3572,1,1
"2691","NGA",2018,NA,75.7,36.3,119.9,NA,NA,3225,1,1
"2692","NGA",2019,NA,74,35.9,116.9,NA,NA,NA,NA,NA
"2693","NIC",2000,162,31.4,16.8,38.5,0,1,0,0,0
"2694","NIC",2000,162,31.4,16.8,38.5,1,0,0,0,0
"2695","NIC",2001,157,29.9,16.4,36.5,0,1,0,0,0
"2696","NIC",2002,151,28.5,15.7,34.6,NA,NA,0,0,0
"2697","NIC",2003,145,27.2,15.2,32.9,NA,NA,0,0,0
"2698","NIC",2004,138,26,14.7,31.3,NA,NA,0,0,0
"2699","NIC",2005,131,24.9,14.4,29.9,NA,NA,0,0,0
"2700","NIC",2006,124,23.9,14.2,28.5,NA,NA,0,0,0
"2701","NIC",2007,121,22.9,14,27.3,NA,NA,0,0,0
"2702","NIC",2008,116,22,13.8,26.1,NA,NA,0,0,0
"2703","NIC",2009,113,21.1,13.6,24.9,NA,NA,0,0,0
"2704","NIC",2010,112,20.3,13.4,23.9,NA,NA,0,0,0
"2705","NIC",2011,110,19.5,13.3,22.9,NA,NA,0,0,0
"2706","NIC",2012,108,18.7,13.1,22,NA,NA,0,0,0
"2707","NIC",2013,105,18,12.8,21.1,NA,NA,0,0,0
"2708","NIC",2014,103,17.3,12.4,20.2,1,0,0,0,0
"2709","NIC",2014,103,17.3,12.4,20.2,0,1,0,0,0
"2710","NIC",2015,101,16.6,11.9,19.4,NA,NA,0,0,0
"2711","NIC",2016,100,16,11.4,18.6,NA,NA,0,0,0
"2712","NIC",2017,98,15.4,10.8,17.9,NA,NA,0,0,0
"2713","NIC",2018,NA,14.8,10.3,17.3,0,1,0,0,0
"2714","NIC",2019,NA,14.3,9.8,16.6,NA,NA,NA,NA,NA
"2715","NLD",2000,13,5.1,3.8,6.2,NA,NA,0,0,0
"2716","NLD",2001,13,5,3.8,6.1,NA,NA,0,0,0
"2717","NLD",2002,13,4.9,3.7,5.9,NA,NA,0,0,0
"2718","NLD",2003,12,4.8,3.6,5.7,NA,NA,0,0,0
"2719","NLD",2004,11,4.6,3.6,5.5,NA,NA,0,0,0
"2720","NLD",2005,11,4.4,3.4,5.3,NA,NA,0,0,0
"2721","NLD",2006,9,4.3,3.3,5.1,NA,NA,0,0,0
"2722","NLD",2007,9,4.1,3.2,4.9,NA,NA,0,0,0
"2723","NLD",2008,8,4,3,4.7,NA,NA,0,0,0
"2724","NLD",2009,8,3.8,2.9,4.6,NA,NA,0,0,0
"2725","NLD",2010,7,3.7,2.8,4.4,NA,NA,0,0,0
"2726","NLD",2011,7,3.6,2.7,4.3,NA,NA,0,0,0
"2727","NLD",2012,7,3.6,2.7,4.2,NA,NA,0,0,0
"2728","NLD",2013,6,3.5,2.7,4.1,NA,NA,0,0,0
"2729","NLD",2014,6,3.5,2.6,4.1,NA,NA,0,0,0
"2730","NLD",2015,6,3.4,2.6,4,NA,NA,0,0,0
"2731","NLD",2016,6,3.4,2.6,4,NA,NA,0,0,0
"2732","NLD",2017,5,3.5,2.6,4,NA,NA,0,0,0
"2733","NLD",2018,NA,3.5,2.6,4.1,NA,NA,0,0,0
"2734","NLD",2019,NA,3.5,2.7,4.1,NA,NA,NA,NA,NA
"2735","NOR",2000,6,3.9,2.7,4.9,NA,NA,0,0,0
"2736","NOR",2001,5,3.8,2.6,4.7,NA,NA,0,0,0
"2737","NOR",2002,5,3.7,2.5,4.6,NA,NA,0,0,0
"2738","NOR",2003,5,3.6,2.4,4.4,NA,NA,0,0,0
"2739","NOR",2004,5,3.4,2.3,4.2,NA,NA,0,0,0
"2740","NOR",2005,5,3.3,2.3,4.1,NA,NA,0,0,0
"2741","NOR",2006,4,3.2,2.2,3.9,NA,NA,0,0,0
"2742","NOR",2007,4,3,2.1,3.7,NA,NA,0,0,0
"2743","NOR",2008,4,2.9,2,3.6,NA,NA,0,0,0
"2744","NOR",2009,4,2.8,1.9,3.4,NA,NA,0,0,0
"2745","NOR",2010,4,2.7,1.9,3.3,NA,NA,0,0,0
"2746","NOR",2011,4,2.5,1.8,3.1,NA,NA,0,0,0
"2747","NOR",2012,3,2.5,1.8,3,NA,NA,0,0,0
"2748","NOR",2013,3,2.4,1.7,2.9,NA,NA,0,0,0
"2749","NOR",2014,3,2.3,1.7,2.8,NA,NA,0,0,0
"2750","NOR",2015,3,2.2,1.6,2.7,NA,NA,0,0,0
"2751","NOR",2016,3,2.1,1.6,2.6,NA,NA,0,0,0
"2752","NOR",2017,2,2.1,1.5,2.5,NA,NA,0,0,0
"2753","NOR",2018,NA,2,1.4,2.4,NA,NA,0,0,0
"2754","NOR",2019,NA,1.9,1.4,2.3,NA,NA,NA,NA,NA
"2755","NPL",2000,553,58.7,39.3,79.1,NA,NA,365,1,1
"2756","NPL",2001,521,55.8,37.8,74.6,NA,NA,569,1,1
"2757","NPL",2002,520,53.1,36.3,70.4,NA,NA,4432,1,1
"2758","NPL",2003,470,50.6,34.9,66.4,NA,NA,1732,1,1
"2759","NPL",2004,447,48.2,33.5,62.7,NA,NA,2456,1,1
"2760","NPL",2005,415,45.9,32.2,59.4,NA,NA,1399,1,1
"2761","NPL",2006,386,43.8,31,56.3,0,1,566,1,1
"2762","NPL",2007,361,41.9,29.8,53.4,NA,NA,31,1,1
"2763","NPL",2008,342,40.1,28.7,50.8,NA,NA,0,0,1
"2764","NPL",2009,323,38.3,27.6,48.3,0,1,9,0,0
"2765","NPL",2010,305,36.6,26.5,45.9,NA,NA,0,0,0
"2766","NPL",2011,285,35,25.4,43.6,1,0,0,0,0
"2767","NPL",2012,266,33.5,24.3,41.5,NA,NA,0,0,0
"2768","NPL",2013,248,32,23.3,39.4,NA,NA,0,0,0
"2769","NPL",2014,231,30.5,22.4,37.4,NA,NA,0,0,0
"2770","NPL",2015,236,29.2,21.3,35.5,1,0,0,0,0
"2771","NPL",2015,236,29.2,21.3,35.5,1,0,0,0,0
"2772","NPL",2016,200,27.8,20.2,33.7,NA,NA,0,0,0
"2773","NPL",2017,186,26.6,19.2,32.1,NA,NA,0,0,0
"2774","NPL",2018,NA,25.5,18.3,30.6,NA,NA,0,0,0
"2775","NPL",2019,NA,24.5,17.5,29.3,NA,NA,NA,NA,NA
"2776","NZL",2000,12,6.1,3.5,7.4,NA,NA,0,0,0
"2777","NZL",2001,11,5.9,3.5,7.2,NA,NA,0,0,0
"2778","NZL",2002,12,5.8,3.5,7,NA,NA,0,0,0
"2779","NZL",2003,12,5.7,3.4,6.9,NA,NA,0,0,0
"2780","NZL",2004,11,5.6,3.3,6.7,NA,NA,0,0,0
"2781","NZL",2005,11,5.5,3.1,6.6,NA,NA,0,0,0
"2782","NZL",2006,11,5.4,3,6.5,NA,NA,0,0,0
"2783","NZL",2007,11,5.3,2.9,6.4,NA,NA,0,0,0
"2784","NZL",2008,10,5.2,3,6.3,NA,NA,0,0,0
"2785","NZL",2009,11,5.2,3.1,6.2,NA,NA,0,0,0
"2786","NZL",2010,11,5.1,3.2,6.1,1,0,0,0,0
"2787","NZL",2011,10,5,3.3,6,1,0,0,0,0
"2788","NZL",2011,10,5,3.3,6,1,0,0,0,0
"2789","NZL",2012,10,4.9,3.4,5.9,NA,NA,0,0,0
"2790","NZL",2013,9,4.8,3.3,5.8,1,0,0,0,0
"2791","NZL",2013,9,4.8,3.3,5.8,0,1,0,0,0
"2792","NZL",2014,10,4.7,3.3,5.7,NA,NA,0,0,0
"2793","NZL",2015,10,4.6,3.2,5.5,NA,NA,0,0,0
"2794","NZL",2016,10,4.4,3.1,5.4,1,0,0,0,0
"2795","NZL",2017,9,4.3,2.9,5.2,NA,NA,0,0,0
"2796","NZL",2018,NA,4.2,2.8,5,NA,NA,0,0,0
"2797","NZL",2019,NA,4.1,2.7,4.9,NA,NA,NA,NA,NA
"2798","OMN",2000,20,14.2,7.3,16.5,NA,NA,0,0,0
"2799","OMN",2001,20,13.3,6.9,15.4,NA,NA,0,0,0
"2800","OMN",2002,20,12.5,6.5,14.5,NA,NA,0,0,0
"2801","OMN",2003,20,11.9,6.2,13.8,NA,NA,0,0,0
"2802","OMN",2004,19,11.4,5.9,13.2,NA,NA,0,0,0
"2803","OMN",2005,19,11,5.7,12.8,NA,NA,0,0,0
"2804","OMN",2006,18,10.7,5.6,12.5,NA,NA,0,0,0
"2805","OMN",2007,18,10.5,5.4,12.2,NA,NA,0,0,0
"2806","OMN",2008,18,10.3,5.3,12,NA,NA,0,0,0
"2807","OMN",2009,18,10.2,5.3,11.8,NA,NA,0,0,0
"2808","OMN",2010,18,10.1,5.2,11.7,NA,NA,0,0,0
"2809","OMN",2011,18,10,5.2,11.6,NA,NA,0,0,0
"2810","OMN",2012,18,9.8,5.1,11.4,NA,NA,0,0,0
"2811","OMN",2013,18,9.7,5,11.3,NA,NA,0,0,0
"2812","OMN",2014,18,9.7,5,11.2,NA,NA,0,0,0
"2813","OMN",2015,19,9.6,5,11.2,NA,NA,0,0,0
"2814","OMN",2016,19,9.6,5,11.2,NA,NA,0,0,0
"2815","OMN",2017,19,9.6,5,11.2,NA,NA,0,0,0
"2816","OMN",2018,NA,9.6,5,11.1,NA,NA,0,0,0
"2817","OMN",2019,NA,9.5,4.9,11.1,NA,NA,NA,NA,NA
"2818","PAK",2000,286,84.6,56.8,107.8,NA,NA,59,1,1
"2819","PAK",2001,275,82.6,55.8,105,1,0,42,1,1
"2820","PAK",2002,264,80.9,54.9,102.4,1,0,170,1,1
"2821","PAK",2002,264,80.9,54.9,102.4,1,0,170,1,1
"2822","PAK",2002,264,80.9,54.9,102.4,1,0,170,1,1
"2823","PAK",2003,254,79.3,54,100.2,NA,NA,242,1,1
"2824","PAK",2004,243,77.9,53.3,98.1,1,0,430,1,1
"2825","PAK",2005,237,76.6,52.6,96.3,1,0,153,1,1
"2826","PAK",2006,222,75.4,52,94.5,NA,NA,427,1,1
"2827","PAK",2007,214,74.1,51.4,92.7,NA,NA,1366,1,1
"2828","PAK",2008,205,72.8,50.9,90.9,1,0,4620,1,1
"2829","PAK",2009,199,71.5,50.4,89.1,NA,NA,7460,1,1
"2830","PAK",2010,191,70.1,49.8,87.1,NA,NA,7226,1,1
"2831","PAK",2011,180,68.6,49,85,1,0,3475,1,1
"2832","PAK",2012,173,67,48.1,82.8,NA,NA,3541,1,1
"2833","PAK",2013,166,65.4,47.1,80.6,1,0,2914,1,1
"2834","PAK",2013,166,65.4,47.1,80.6,1,0,2914,1,1
"2835","PAK",2013,166,65.4,47.1,80.6,1,0,2914,1,1
"2836","PAK",2014,161,63.8,46.2,78.3,NA,NA,3620,1,1
"2837","PAK",2015,154,62.1,45.2,76,1,0,2450,1,1
"2838","PAK",2015,154,62.1,45.2,76,1,0,2450,1,1
"2839","PAK",2016,143,60.5,44.3,73.8,1,0,1100,1,1
"2840","PAK",2017,140,58.9,43.3,71.6,NA,NA,954,1,1
"2841","PAK",2018,NA,57.3,42.3,69.5,NA,NA,483,1,1
"2842","PAK",2019,NA,55.7,41.4,67.3,0,1,NA,NA,NA
"2843","PAK",2019,NA,55.7,41.4,67.3,1,0,NA,NA,NA
"2844","PAN",2000,91,21.9,14.7,26,NA,NA,0,0,0
"2845","PAN",2001,86,21.4,14.3,25.4,NA,NA,0,0,0
"2846","PAN",2002,91,20.9,14,24.8,NA,NA,0,0,0
"2847","PAN",2003,93,20.5,13.6,24.1,1,0,0,0,0
"2848","PAN",2003,93,20.5,13.6,24.1,1,0,0,0,0
"2849","PAN",2004,88,20,13.2,23.5,NA,NA,0,0,0
"2850","PAN",2005,88,19.5,12.9,22.9,NA,NA,0,0,0
"2851","PAN",2006,88,19,12.5,22.3,NA,NA,0,0,0
"2852","PAN",2007,86,18.5,12.2,21.7,NA,NA,0,0,0
"2853","PAN",2008,84,18,11.9,21.1,NA,NA,0,0,0
"2854","PAN",2009,82,17.5,11.5,20.5,NA,NA,0,0,0
"2855","PAN",2010,79,17,11.1,19.9,NA,NA,0,0,0
"2856","PAN",2011,76,16.5,10.8,19.3,NA,NA,0,0,0
"2857","PAN",2012,74,16,10.4,18.7,NA,NA,0,0,0
"2858","PAN",2013,66,15.5,10.1,18.1,0,1,0,0,0
"2859","PAN",2014,60,15.1,9.8,17.6,NA,NA,0,0,0
"2860","PAN",2015,58,14.6,9.5,17,0,1,0,0,0
"2861","PAN",2016,55,14.1,9.2,16.4,NA,NA,0,0,0
"2862","PAN",2017,52,13.7,8.9,15.9,NA,NA,0,0,0
"2863","PAN",2018,NA,13.2,8.6,15.4,0,1,0,0,0
"2864","PAN",2019,NA,12.8,8.3,14.8,NA,NA,NA,NA,NA
"2865","PER",2000,144,29.3,16.1,38.2,NA,NA,5,0,1
"2866","PER",2001,138,27.2,15.2,35.3,1,0,21,0,0
"2867","PER",2001,138,27.2,15.2,35.3,1,0,21,0,0
"2868","PER",2001,138,27.2,15.2,35.3,1,0,21,0,0
"2869","PER",2002,132,25.2,14.3,32.7,0,1,13,0,0
"2870","PER",2003,127,23.5,13.5,30.4,NA,NA,13,0,0
"2871","PER",2004,122,22,12.8,28.3,0,1,3,0,0
"2872","PER",2005,118,20.6,12.2,26.5,1,0,0,0,0
"2873","PER",2005,118,20.6,12.2,26.5,1,0,0,0,0
"2874","PER",2006,114,19.3,11.7,24.9,0,1,11,0,0
"2875","PER",2007,112,18.2,11.1,23.4,1,0,32,1,0
"2876","PER",2008,108,17.1,10.6,22,NA,NA,40,1,1
"2877","PER",2009,106,16.2,10.1,20.8,NA,NA,54,1,1
"2878","PER",2010,104,15.3,9.7,19.8,NA,NA,29,1,1
"2879","PER",2011,102,14.6,9.4,18.8,1,0,15,0,1
"2880","PER",2012,100,13.9,9,17.9,1,0,0,0,0
"2881","PER",2013,98,13.3,8.7,17.1,1,0,3,0,0
"2882","PER",2014,96,12.7,8.4,16.4,1,0,14,0,0
"2883","PER",2015,94,12.2,8,15.7,NA,NA,9,0,0
"2884","PER",2016,91,11.7,7.8,15,1,0,11,0,0
"2885","PER",2016,91,11.7,7.8,15,1,0,11,0,0
"2886","PER",2017,88,11.2,7.5,14.4,NA,NA,7,0,0
"2887","PER",2018,NA,10.7,7.2,13.8,1,0,0,0,0
"2888","PER",2019,NA,10.3,7,13.3,1,0,NA,NA,NA
"2889","PHL",2000,160,28.7,16.5,37.7,NA,NA,1761,1,1
"2890","PHL",2001,163,28.2,16.5,36.9,NA,NA,792,1,1
"2891","PHL",2002,160,27.8,16.3,36.2,1,0,763,1,1
"2892","PHL",2002,160,27.8,16.3,36.2,0,1,763,1,1
"2893","PHL",2003,156,27.3,16.2,35.5,NA,NA,1132,1,1
"2894","PHL",2004,156,26.9,16,34.9,NA,NA,470,1,1
"2895","PHL",2005,156,26.4,15.8,34.2,NA,NA,487,1,1
"2896","PHL",2006,156,26,15.6,33.6,NA,NA,434,1,1
"2897","PHL",2007,149,25.7,15.4,33,0,1,483,1,1
"2898","PHL",2008,148,25.3,15.2,32.5,NA,NA,566,1,1
"2899","PHL",2009,149,25,15,32.1,1,0,1047,1,1
"2900","PHL",2010,144,24.8,14.9,31.7,NA,NA,372,1,1
"2901","PHL",2011,141,24.5,14.7,31.3,1,0,414,1,1
"2902","PHL",2012,139,24.2,14.6,30.9,1,0,311,1,1
"2903","PHL",2012,139,24.2,14.6,30.9,1,0,311,1,1
"2904","PHL",2012,139,24.2,14.6,30.9,1,0,311,1,1
"2905","PHL",2013,136,23.9,14.4,30.5,1,0,537,1,1
"2906","PHL",2014,131,23.7,14.3,30.1,NA,NA,484,1,1
"2907","PHL",2015,127,23.4,14.1,29.6,0,1,628,1,1
"2908","PHL",2016,124,23,13.9,29.1,1,0,616,1,1
"2909","PHL",2017,121,22.6,13.6,28.5,1,0,1708,1,1
"2910","PHL",2017,121,22.6,13.6,28.5,1,0,1708,1,1
"2911","PHL",2017,121,22.6,13.6,28.5,1,0,1708,1,1
"2912","PHL",2018,NA,22.1,13.3,27.9,NA,NA,436,1,1
"2913","PHL",2019,NA,21.5,12.9,27.1,1,0,NA,NA,NA
"2914","PHL",2019,NA,21.5,12.9,27.1,0,1,NA,NA,NA
"2915","PHL",2019,NA,21.5,12.9,27.1,1,0,NA,NA,NA
"2916","PHL",2019,NA,21.5,12.9,27.1,1,0,NA,NA,NA
"2917","PHL",2019,NA,21.5,12.9,27.1,1,0,NA,NA,NA
"2918","PHL",2019,NA,21.5,12.9,27.1,1,0,NA,NA,NA
"2919","PHL",2019,NA,21.5,12.9,27.1,1,0,NA,NA,NA
"2920","PHL",2019,NA,21.5,12.9,27.1,1,0,NA,NA,NA
"2921","PNG",2000,249,53.6,30.2,71.1,1,0,13,0,1
"2922","PNG",2001,242,52.8,29.6,69.9,1,0,65,1,0
"2923","PNG",2002,234,52.1,29.1,68.8,1,0,7,0,1
"2924","PNG",2002,234,52.1,29.1,68.8,1,0,7,0,1
"2925","PNG",2003,225,51.3,28.7,67.5,NA,NA,0,0,0
"2926","PNG",2004,213,50.4,28.2,66.2,NA,NA,0,0,0
"2927","PNG",2005,200,49.6,27.9,64.9,1,0,0,0,0
"2928","PNG",2006,187,48.7,27.6,63.5,NA,NA,0,0,0
"2929","PNG",2007,179,47.8,27.3,62.1,NA,NA,0,0,0
"2930","PNG",2008,173,46.8,27,60.8,NA,NA,0,0,0
"2931","PNG",2009,170,45.9,26.6,59.3,NA,NA,0,0,0
"2932","PNG",2010,168,44.9,26.1,57.9,NA,NA,0,0,0
"2933","PNG",2011,166,44,25.6,56.5,NA,NA,0,0,0
"2934","PNG",2012,164,43,25.1,55.2,NA,NA,57,1,0
"2935","PNG",2013,160,42.1,24.7,53.8,NA,NA,0,0,1
"2936","PNG",2014,155,41.2,24.3,52.4,NA,NA,0,0,0
"2937","PNG",2015,151,40.2,23.8,51,0,1,0,0,0
"2938","PNG",2016,148,39.3,23.4,49.7,NA,NA,0,0,0
"2939","PNG",2017,145,38.2,22.9,48.2,NA,NA,0,0,0
"2940","PNG",2018,NA,37.2,22.5,46.8,1,0,0,0,0
"2941","PNG",2018,NA,37.2,22.5,46.8,1,0,0,0,0
"2942","PNG",2018,NA,37.2,22.5,46.8,1,0,0,0,0
"2943","PNG",2019,NA,36.2,22,45.3,1,0,NA,NA,NA
"2944","POL",2000,7,8.1,5.8,9.3,NA,NA,0,0,0
"2945","POL",2001,6,7.6,5.4,8.8,NA,NA,0,0,0
"2946","POL",2002,5,7.3,5.2,8.4,NA,NA,0,0,0
"2947","POL",2003,5,7,5,8.1,NA,NA,0,0,0
"2948","POL",2004,5,6.8,4.8,7.8,NA,NA,0,0,0
"2949","POL",2005,4,6.5,4.6,7.6,NA,NA,0,0,0
"2950","POL",2006,4,6.3,4.4,7.3,NA,NA,0,0,0
"2951","POL",2007,4,6.1,4.2,7,NA,NA,0,0,0
"2952","POL",2008,4,5.8,4,6.7,NA,NA,0,0,0
"2953","POL",2009,3,5.5,3.8,6.3,NA,NA,0,0,0
"2954","POL",2010,3,5.1,3.6,6,NA,NA,0,0,0
"2955","POL",2011,3,4.9,3.4,5.7,NA,NA,0,0,0
"2956","POL",2012,3,4.7,3.2,5.4,NA,NA,0,0,0
"2957","POL",2013,3,4.5,3.1,5.2,NA,NA,0,0,0
"2958","POL",2014,2,4.3,3,5,NA,NA,0,0,0
"2959","POL",2015,2,4.2,2.9,4.9,NA,NA,0,0,0
"2960","POL",2016,2,4.1,2.9,4.7,NA,NA,0,0,0
"2961","POL",2017,2,4,2.8,4.6,NA,NA,0,0,0
"2962","POL",2018,NA,3.9,2.8,4.5,0,1,0,0,0
"2963","POL",2019,NA,3.8,2.7,4.4,NA,NA,NA,NA,NA
"2964","PRI",2000,26,NA,NA,NA,NA,NA,0,0,0
"2965","PRI",2001,26,NA,NA,NA,NA,NA,0,0,0
"2966","PRI",2002,24,NA,NA,NA,NA,NA,0,0,0
"2967","PRI",2003,23,NA,NA,NA,NA,NA,0,0,0
"2968","PRI",2004,25,NA,NA,NA,NA,NA,0,0,0
"2969","PRI",2005,23,NA,NA,NA,NA,NA,0,0,0
"2970","PRI",2006,23,NA,NA,NA,NA,NA,0,0,0
"2971","PRI",2007,23,NA,NA,NA,NA,NA,0,0,0
"2972","PRI",2008,23,NA,NA,NA,NA,NA,0,0,0
"2973","PRI",2009,23,NA,NA,NA,NA,NA,0,0,0
"2974","PRI",2010,21,NA,NA,NA,NA,NA,0,0,0
"2975","PRI",2011,22,NA,NA,NA,NA,NA,0,0,0
"2976","PRI",2012,19,NA,NA,NA,NA,NA,0,0,0
"2977","PRI",2013,20,NA,NA,NA,NA,NA,0,0,0
"2978","PRI",2014,21,NA,NA,NA,NA,NA,0,0,0
"2979","PRI",2015,20,NA,NA,NA,NA,NA,0,0,0
"2980","PRI",2016,20,NA,NA,NA,NA,NA,0,0,0
"2981","PRI",2017,21,NA,NA,NA,NA,NA,0,0,0
"2982","PRI",2018,NA,NA,NA,NA,NA,NA,0,0,0
"2983","PRI",2019,NA,NA,NA,NA,NA,NA,NA,NA,NA
"2984","PRK",2000,139,44.5,27.3,60,NA,NA,0,0,0
"2985","PRK",2001,128,39.1,24.9,52.1,NA,NA,0,0,0
"2986","PRK",2002,122,34.2,22.5,44.7,NA,NA,0,0,0
"2987","PRK",2003,121,30.4,20.5,38.9,NA,NA,0,0,0
"2988","PRK",2004,120,27.8,18.8,35,NA,NA,0,0,0
"2989","PRK",2005,120,26.4,17.7,33,NA,NA,0,0,0
"2990","PRK",2006,120,26,17.4,32.4,NA,NA,0,0,0
"2991","PRK",2007,119,25.7,17.4,32.2,NA,NA,0,0,0
"2992","PRK",2008,118,25.2,17.1,31.8,NA,NA,0,0,0
"2993","PRK",2009,113,24.4,16.7,31,NA,NA,0,0,0
"2994","PRK",2010,106,23.1,15.9,29.5,NA,NA,0,0,0
"2995","PRK",2011,100,21.5,14.9,27.7,NA,NA,0,0,0
"2996","PRK",2012,96,19.8,13.9,25.7,0,1,0,0,0
"2997","PRK",2013,94,18.3,12.9,24,NA,NA,0,0,0
"2998","PRK",2014,93,17,12.1,22.4,NA,NA,0,0,0
"2999","PRK",2015,91,16,11.4,21.1,0,1,0,0,0
"3000","PRK",2016,90,15.1,10.8,20,NA,NA,0,0,0
"3001","PRK",2017,89,14.4,10.3,19,0,1,0,0,0
"3002","PRK",2018,NA,13.7,9.8,18.2,NA,NA,0,0,0
"3003","PRK",2019,NA,13.1,9.3,17.3,0,1,NA,NA,NA
"3004","PRT",2000,10,5.5,3.4,7.2,NA,NA,0,0,0
"3005","PRT",2001,10,5.1,3.2,6.6,NA,NA,0,0,0
"3006","PRT",2002,10,4.7,3,6.1,NA,NA,0,0,0
"3007","PRT",2003,10,4.3,2.8,5.5,NA,NA,0,0,0
"3008","PRT",2004,10,3.9,2.6,5,0,1,0,0,0
"3009","PRT",2005,9,3.6,2.4,4.6,NA,NA,0,0,0
"3010","PRT",2006,9,3.4,2.2,4.4,NA,NA,0,0,0
"3011","PRT",2007,9,3.3,2.1,4.2,NA,NA,0,0,0
"3012","PRT",2008,9,3.2,2.1,4,NA,NA,0,0,0
"3013","PRT",2009,9,3.1,2.1,3.9,NA,NA,0,0,0
"3014","PRT",2010,9,3.1,2.1,3.8,NA,NA,0,0,0
"3015","PRT",2011,9,3,2.1,3.7,NA,NA,0,0,0
"3016","PRT",2012,9,3,2.1,3.7,NA,NA,0,0,0
"3017","PRT",2013,8,3,2.1,3.7,NA,NA,0,0,0
"3018","PRT",2014,8,3,2.1,3.6,NA,NA,0,0,0
"3019","PRT",2015,9,3,2.1,3.6,NA,NA,0,0,0
"3020","PRT",2016,9,3,2.1,3.6,NA,NA,0,0,0
"3021","PRT",2017,8,3,2,3.6,NA,NA,0,0,0
"3022","PRT",2018,NA,2.9,2,3.6,NA,NA,0,0,0
"3023","PRT",2019,NA,2.8,1.9,3.4,NA,NA,NA,NA,NA
"3024","PRY",2000,194,27.9,18.1,33.9,NA,NA,0,0,0
"3025","PRY",2001,191,27.4,17.7,33.1,NA,NA,0,0,0
"3026","PRY",2002,188,26.8,17.3,32.3,NA,NA,0,0,0
"3027","PRY",2003,185,26.2,16.9,31.6,NA,NA,0,0,0
"3028","PRY",2004,180,25.6,16.5,30.8,NA,NA,0,0,0
"3029","PRY",2005,174,25,16.1,30,0,1,0,0,0
"3030","PRY",2006,168,24.5,15.7,29.3,NA,NA,0,0,0
"3031","PRY",2007,163,23.9,15.2,28.5,NA,NA,0,0,0
"3032","PRY",2008,158,23.2,14.8,27.7,0,1,0,0,0
"3033","PRY",2009,153,22.6,14.4,26.9,0,1,0,0,0
"3034","PRY",2010,148,22,14,26.2,NA,NA,0,0,0
"3035","PRY",2011,145,21.4,13.5,25.4,NA,NA,0,0,0
"3036","PRY",2012,141,20.8,13.1,24.6,0,1,0,0,0
"3037","PRY",2013,138,20.2,12.7,23.8,0,1,0,0,0
"3038","PRY",2014,135,19.6,12.3,23,NA,NA,0,0,0
"3039","PRY",2015,132,19,11.9,22.3,NA,NA,0,0,0
"3040","PRY",2016,130,18.4,11.6,21.6,0,1,0,0,0
"3041","PRY",2017,129,17.8,11.2,20.9,NA,NA,0,0,0
"3042","PRY",2018,NA,17.2,10.8,20.2,NA,NA,0,0,0
"3043","PRY",2019,NA,16.7,10.4,19.5,NA,NA,NA,NA,NA
"3044","QAT",2000,14,10.7,6.6,12.5,NA,NA,0,0,0
"3045","QAT",2001,14,10.3,6.3,12,NA,NA,0,0,0
"3046","QAT",2002,13,10,6.1,11.6,NA,NA,0,0,0
"3047","QAT",2003,13,9.6,5.9,11.2,NA,NA,0,0,0
"3048","QAT",2004,13,9.3,5.8,10.8,NA,NA,0,0,0
"3049","QAT",2005,12,8.9,5.6,10.4,NA,NA,0,0,0
"3050","QAT",2006,11,8.7,5.3,10.1,NA,NA,0,0,0
"3051","QAT",2007,11,8.4,5.1,9.8,NA,NA,0,0,0
"3052","QAT",2008,11,8.2,4.9,9.6,NA,NA,0,0,0
"3053","QAT",2009,10,8,4.7,9.4,NA,NA,0,0,0
"3054","QAT",2010,10,7.8,4.5,9.1,NA,NA,0,0,0
"3055","QAT",2011,10,7.6,4.4,8.9,NA,NA,0,0,0
"3056","QAT",2012,10,7.4,4.2,8.7,NA,NA,0,0,0
"3057","QAT",2013,10,7.2,4.1,8.4,NA,NA,0,0,0
"3058","QAT",2014,10,7,4,8.1,NA,NA,0,0,0
"3059","QAT",2015,9,6.7,3.9,7.8,NA,NA,0,0,0
"3060","QAT",2016,9,6.3,3.9,7.4,NA,NA,0,0,0
"3061","QAT",2017,9,6,3.8,7,NA,NA,0,0,0
"3062","QAT",2018,NA,5.6,3.8,6.6,NA,NA,0,0,0
"3063","QAT",2019,NA,5.3,3.7,6.1,NA,NA,NA,NA,NA
"3064","ROU",2000,54,18.1,10.5,21.6,0,1,0,0,0
"3065","ROU",2001,49,17.3,9.9,20.5,NA,NA,0,0,0
"3066","ROU",2002,47,17,9.6,20.1,NA,NA,0,0,0
"3067","ROU",2003,43,17,9.4,20,NA,NA,0,0,0
"3068","ROU",2004,39,16.5,9.1,19.4,NA,NA,0,0,0
"3069","ROU",2005,35,15.5,8.5,18.1,NA,NA,0,0,0
"3070","ROU",2006,32,14.2,7.7,16.6,NA,NA,0,0,0
"3071","ROU",2007,30,13,6.9,15.2,NA,NA,0,0,0
"3072","ROU",2008,28,11.9,6.3,14,NA,NA,0,0,0
"3073","ROU",2009,28,11.1,5.8,13.1,NA,NA,0,0,0
"3074","ROU",2010,27,10.5,5.4,12.4,NA,NA,0,0,0
"3075","ROU",2011,24,10,5.2,11.8,NA,NA,0,0,0
"3076","ROU",2012,23,9.5,5.1,11.2,NA,NA,0,0,0
"3077","ROU",2013,21,8.9,5,10.6,NA,NA,0,0,0
"3078","ROU",2014,21,8.3,4.7,9.9,NA,NA,0,0,0
"3079","ROU",2015,21,7.7,4.3,9.2,NA,NA,0,0,0
"3080","ROU",2016,21,7,3.9,8.5,NA,NA,0,0,0
"3081","ROU",2017,19,6.5,3.6,7.9,NA,NA,0,0,0
"3082","ROU",2018,NA,6.1,3.4,7.4,NA,NA,0,0,0
"3083","ROU",2019,NA,5.8,3.4,7.1,NA,NA,NA,NA,NA
"3084","RUS",2000,56,15.5,9,19.3,1,0,4333,1,1
"3085","RUS",2001,53,14.7,8.6,18.3,NA,NA,992,1,1
"3086","RUS",2002,51,13.8,8,17.2,NA,NA,1509,1,1
"3087","RUS",2003,49,12.9,7.3,16.1,1,0,539,1,1
"3088","RUS",2003,49,12.9,7.3,16.1,0,1,539,1,1
"3089","RUS",2004,45,12,6.8,14.9,1,0,1317,1,1
"3090","RUS",2005,42,11.1,6.4,13.8,NA,NA,688,1,1
"3091","RUS",2006,36,10.3,6,12.8,1,0,260,1,1
"3092","RUS",2007,32,9.6,5.4,11.9,1,0,182,1,1
"3093","RUS",2008,30,9,4.9,11.2,1,0,410,1,1
"3094","RUS",2009,27,8.6,4.6,10.7,NA,NA,697,1,1
"3095","RUS",2010,25,8.3,4.6,10.4,0,1,481,1,1
"3096","RUS",2011,23,8.1,4.7,10.1,NA,NA,396,1,1
"3097","RUS",2012,22,7.9,4.7,9.8,0,1,525,1,1
"3098","RUS",2013,20,7.6,4.6,9.4,NA,NA,365,1,1
"3099","RUS",2014,19,7.2,4.4,8.9,NA,NA,176,1,1
"3100","RUS",2015,18,6.6,4,8.2,NA,NA,86,1,1
"3101","RUS",2016,18,6.1,3.5,7.5,NA,NA,78,1,1
"3102","RUS",2017,17,5.5,3.2,6.9,NA,NA,53,1,1
"3103","RUS",2018,NA,5.1,2.9,6.3,NA,NA,38,1,1
"3104","RUS",2019,NA,4.7,2.6,5.8,NA,NA,NA,NA,NA
"3105","RWA",2000,1160,109.5,43.2,185.2,NA,NA,0,0,1
"3106","RWA",2001,1100,100,40.2,167.4,NA,NA,2044,1,0
"3107","RWA",2002,961,90.3,37.3,149.6,1,0,0,0,1
"3108","RWA",2003,870,81.4,34.6,133.5,0,1,0,0,0
"3109","RWA",2004,758,72.8,32.1,118.6,NA,NA,16,0,0
"3110","RWA",2005,643,65.5,30,105.4,NA,NA,0,0,0
"3111","RWA",2006,541,59.3,28.1,93.9,NA,NA,0,0,0
"3112","RWA",2007,469,54.4,26.5,84.4,NA,NA,0,0,0
"3113","RWA",2008,427,50.2,25.1,76.3,1,0,0,0,0
"3114","RWA",2009,424,47,24,69.6,NA,NA,2,0,0
"3115","RWA",2010,373,44,23,63.8,NA,NA,0,0,0
"3116","RWA",2011,349,40.6,22.1,58.6,NA,NA,0,0,0
"3117","RWA",2012,329,38.8,21.3,54.9,NA,NA,13,0,0
"3118","RWA",2013,308,37.1,20.7,52,NA,NA,4,0,0
"3119","RWA",2014,291,35.7,20.2,49.7,NA,NA,0,0,0
"3120","RWA",2015,275,34.6,19.7,47.7,NA,NA,0,0,0
"3121","RWA",2016,260,33.7,19.3,46,NA,NA,27,1,0
"3122","RWA",2017,248,32.9,19,44.6,NA,NA,10,0,1
"3123","RWA",2018,NA,32,18.6,43.4,NA,NA,6,0,0
"3124","RWA",2019,NA,31.1,18.2,41.9,NA,NA,NA,NA,NA
"3125","SAU",2000,24,18.8,11.5,22,NA,NA,0,0,0
"3126","SAU",2001,24,17.7,10.8,20.7,NA,NA,0,0,0
"3127","SAU",2002,23,16.7,10.2,19.6,NA,NA,0,0,0
"3128","SAU",2003,23,15.8,9.6,18.5,NA,NA,26,1,0
"3129","SAU",2004,22,15,9,17.4,NA,NA,91,1,1
"3130","SAU",2005,22,14.2,8.5,16.5,NA,NA,31,1,1
"3131","SAU",2006,21,13.4,8.1,15.5,NA,NA,11,0,1
"3132","SAU",2007,21,12.6,7.6,14.7,NA,NA,2,0,0
"3133","SAU",2008,20,11.9,7.1,13.8,NA,NA,0,0,0
"3134","SAU",2009,20,11.2,6.7,13,NA,NA,0,0,0
"3135","SAU",2010,19,10.5,6.3,12.3,NA,NA,0,0,0
"3136","SAU",2011,18,9.9,5.9,11.5,NA,NA,0,0,0
"3137","SAU",2012,18,9.3,5.6,10.8,NA,NA,0,0,0
"3138","SAU",2013,17,8.8,5.2,10.2,NA,NA,0,0,0
"3139","SAU",2014,17,8.3,4.9,9.6,NA,NA,0,0,0
"3140","SAU",2015,17,7.8,4.6,9.1,NA,NA,110,1,0
"3141","SAU",2016,17,7.3,4.3,8.6,NA,NA,125,1,1
"3142","SAU",2017,17,6.9,4.1,8.1,NA,NA,45,1,1
"3143","SAU",2018,NA,6.6,3.8,7.7,NA,NA,11,0,1
"3144","SAU",2019,NA,6.3,3.6,7.3,NA,NA,NA,NA,NA
"3145","SDN",2000,667,66.9,37.1,104.3,NA,NA,3537,1,1
"3146","SDN",2001,645,65,36.4,100.9,NA,NA,3719,1,1
"3147","SDN",2002,614,63,35.8,97.4,NA,NA,3227,1,1
"3148","SDN",2003,598,61.2,35.2,94.2,NA,NA,5010,1,1
"3149","SDN",2004,580,59.4,34.5,91,NA,NA,9714,1,1
"3150","SDN",2005,529,57.8,33.9,88.1,NA,NA,1505,1,1
"3151","SDN",2006,508,56.2,33.4,85.3,NA,NA,2187,1,1
"3152","SDN",2007,479,54.7,33,82.7,NA,NA,1180,1,1
"3153","SDN",2008,454,53.3,32.5,80.2,NA,NA,1241,1,1
"3154","SDN",2009,433,52,32.2,77.9,NA,NA,2689,1,1
"3155","SDN",2010,408,50.7,31.8,75.7,NA,NA,1790,1,1
"3156","SDN",2011,390,49.6,31.4,73.7,0,1,2567,1,1
"3157","SDN",2012,368,48.5,31,71.7,NA,NA,1525,1,1
"3158","SDN",2013,349,47.4,30.5,69.8,NA,NA,1959,1,1
"3159","SDN",2014,333,46.3,30,67.9,NA,NA,1912,1,1
"3160","SDN",2015,320,45.2,29.5,65.9,0,1,2552,1,1
"3161","SDN",2016,308,44.1,29,63.9,NA,NA,1994,1,1
"3162","SDN",2017,295,43,28.5,62,NA,NA,548,1,1
"3163","SDN",2018,NA,42,27.8,60.1,NA,NA,432,1,1
"3164","SDN",2019,NA,41,27.3,58.4,NA,NA,NA,NA,NA
"3165","SEN",2000,553,67.7,38.2,129.5,NA,NA,56,1,1
"3166","SEN",2001,545,65.2,37.2,122.9,NA,NA,47,1,1
"3167","SEN",2002,537,62.3,36,115.1,0,1,45,1,1
"3168","SEN",2003,532,59.2,34.7,107,NA,NA,39,1,1
"3169","SEN",2004,526,56.1,33.4,99.1,NA,NA,3,0,1
"3170","SEN",2005,519,53.2,32.1,91.8,NA,NA,46,1,0
"3171","SEN",2006,514,50.6,30.8,85.2,NA,NA,126,1,1
"3172","SEN",2007,504,48.2,29.6,79.4,NA,NA,0,0,1
"3173","SEN",2008,492,46.1,28.6,74.3,NA,NA,11,0,0
"3174","SEN",2009,472,44.1,27.6,69.8,NA,NA,19,0,0
"3175","SEN",2010,447,42.4,26.8,65.7,NA,NA,19,0,0
"3176","SEN",2011,423,40.7,26,62.1,0,1,37,1,0
"3177","SEN",2012,400,39.2,25.3,58.7,NA,NA,23,0,1
"3178","SEN",2013,381,37.6,24.7,55.4,NA,NA,8,0,0
"3179","SEN",2014,364,36.2,24.2,52.3,0,1,0,0,0
"3180","SEN",2015,346,34.7,23.7,49.4,NA,NA,0,0,0
"3181","SEN",2016,330,33.3,23.1,46.5,NA,NA,0,0,0
"3182","SEN",2017,315,32,22.4,44,NA,NA,0,0,0
"3183","SEN",2018,NA,30.8,21.8,41.7,0,1,1,0,0
"3184","SEN",2019,NA,29.8,21.1,39.7,NA,NA,NA,NA,NA
"3185","SGP",2000,13,3,1.6,3.9,NA,NA,0,0,0
"3186","SGP",2001,13,2.8,1.5,3.6,NA,NA,0,0,0
"3187","SGP",2002,14,2.6,1.4,3.4,NA,NA,0,0,0
"3188","SGP",2003,13,2.5,1.3,3.2,NA,NA,0,0,0
"3189","SGP",2004,14,2.4,1.3,3,NA,NA,0,0,0
"3190","SGP",2005,13,2.3,1.2,2.9,NA,NA,0,0,0
"3191","SGP",2006,13,2.3,1.2,2.9,NA,NA,0,0,0
"3192","SGP",2007,12,2.3,1.2,2.9,NA,NA,0,0,0
"3193","SGP",2008,11,2.3,1.2,2.8,NA,NA,0,0,0
"3194","SGP",2009,10,2.3,1.2,2.8,NA,NA,0,0,0
"3195","SGP",2010,10,2.3,1.1,2.8,NA,NA,0,0,0
"3196","SGP",2011,10,2.2,1.1,2.8,NA,NA,0,0,0
"3197","SGP",2012,10,2.2,1.1,2.8,NA,NA,0,0,0
"3198","SGP",2013,9,2.2,1,2.8,NA,NA,0,0,0
"3199","SGP",2014,8,2.2,1,2.7,NA,NA,0,0,0
"3200","SGP",2015,9,2.2,1,2.7,NA,NA,0,0,0
"3201","SGP",2016,8,2.2,1,2.7,NA,NA,0,0,0
"3202","SGP",2017,8,2.2,1,2.6,NA,NA,0,0,0
"3203","SGP",2018,NA,2.1,0.9,2.5,NA,NA,0,0,0
"3204","SGP",2019,NA,2,0.8,2.4,NA,NA,NA,NA,NA
"3205","SLB",2000,245,25.6,12.8,30.7,NA,NA,0,0,0
"3206","SLB",2001,233,25.3,12.7,30.4,NA,NA,0,0,0
"3207","SLB",2002,222,25.1,12.6,30.1,NA,NA,0,0,0
"3208","SLB",2003,210,24.9,12.5,29.8,NA,NA,0,0,0
"3209","SLB",2004,199,24.7,12.3,29.6,NA,NA,0,0,0
"3210","SLB",2005,188,24.4,12.1,29.3,NA,NA,0,0,0
"3211","SLB",2006,177,24.1,11.9,28.9,NA,NA,0,0,0
"3212","SLB",2007,172,23.8,11.7,28.4,1,0,0,0,0
"3213","SLB",2008,159,23.3,11.4,27.8,NA,NA,0,0,0
"3214","SLB",2009,152,22.8,11.1,27.1,NA,NA,0,0,0
"3215","SLB",2010,141,22.2,10.8,26.4,1,0,0,0,0
"3216","SLB",2011,134,21.6,10.5,25.6,NA,NA,0,0,0
"3217","SLB",2012,127,21,10.1,24.9,NA,NA,0,0,0
"3218","SLB",2013,122,20.5,9.8,24.2,1,0,0,0,0
"3219","SLB",2014,120,19.9,9.5,23.4,NA,NA,0,0,0
"3220","SLB",2015,112,19.3,9.2,22.7,0,1,0,0,0
"3221","SLB",2016,108,18.8,8.9,22,1,0,0,0,0
"3222","SLB",2017,104,18.2,8.6,21.4,NA,NA,0,0,0
"3223","SLB",2018,NA,17.7,8.4,20.7,NA,NA,0,0,0
"3224","SLB",2019,NA,17.1,8.1,20,NA,NA,NA,NA,NA
"3225","SLE",2000,2480,138.1,48.4,224.9,NA,NA,856,1,1
"3226","SLE",2001,2250,135.6,47.8,219.4,NA,NA,73,1,1
"3227","SLE",2002,2080,132.9,47.2,213.9,NA,NA,1,0,1
"3228","SLE",2003,1960,130.2,46.5,208.1,NA,NA,0,0,0
"3229","SLE",2004,1850,127.2,45.7,202,NA,NA,0,0,0
"3230","SLE",2005,1760,124.1,44.9,195.5,NA,NA,0,0,0
"3231","SLE",2006,1680,120.9,44.1,188.9,NA,NA,0,0,0
"3232","SLE",2007,1610,117.6,43.1,182,NA,NA,0,0,0
"3233","SLE",2008,1530,114.2,41.9,174.9,NA,NA,0,0,0
"3234","SLE",2009,1450,110.6,40.7,167.7,NA,NA,0,0,0
"3235","SLE",2010,1360,107.2,39.5,160.6,NA,NA,0,0,0
"3236","SLE",2011,1270,103.8,38.4,153.8,NA,NA,0,0,0
"3237","SLE",2012,1210,100.7,37.4,147.3,NA,NA,0,0,0
"3238","SLE",2013,1180,97.7,36.5,141.2,NA,NA,0,0,0
"3239","SLE",2014,1190,95.6,35.7,139.2,NA,NA,0,0,0
"3240","SLE",2015,1180,95.1,35,140.2,NA,NA,0,0,0
"3241","SLE",2016,1120,89.7,34.1,125.4,NA,NA,0,0,0
"3242","SLE",2017,1120,87.3,33.4,120.7,NA,NA,0,0,0
"3243","SLE",2018,NA,84.8,32.7,116.2,NA,NA,0,0,0
"3244","SLE",2019,NA,82.4,32,111.9,NA,NA,NA,NA,NA
"3245","SLV",2000,73,27.4,15,33.2,NA,NA,0,0,0
"3246","SLV",2001,75,26,14.1,31.3,1,0,0,0,0
"3247","SLV",2001,75,26,14.1,31.3,1,0,0,0,0
"3248","SLV",2001,75,26,14.1,31.3,0,1,0,0,0
"3249","SLV",2002,68,24.7,13.4,29.6,NA,NA,0,0,0
"3250","SLV",2003,66,23.5,12.8,28.1,NA,NA,0,0,0
"3251","SLV",2004,64,22.4,12.1,26.6,NA,NA,0,0,0
"3252","SLV",2005,62,21.2,11.6,25.1,1,0,0,0,0
"3253","SLV",2006,60,20.2,11.1,23.8,1,0,0,0,0
"3254","SLV",2007,58,19.2,10.6,22.6,NA,NA,0,0,0
"3255","SLV",2008,57,18.3,10.1,21.4,NA,NA,0,0,0
"3256","SLV",2009,57,17.4,9.7,20.4,0,1,0,0,0
"3257","SLV",2010,54,16.6,9.3,19.4,NA,NA,0,0,0
"3258","SLV",2011,53,15.8,8.9,18.5,NA,NA,0,0,0
"3259","SLV",2012,52,15.1,8.5,17.6,NA,NA,0,0,0
"3260","SLV",2013,50,14.4,8.2,16.8,NA,NA,0,0,0
"3261","SLV",2014,49,13.8,7.8,16.1,0,1,0,0,0
"3262","SLV",2015,48,13.3,7.5,15.5,NA,NA,0,0,0
"3263","SLV",2016,47,12.8,7.2,14.9,NA,NA,0,0,0
"3264","SLV",2017,46,12.3,7,14.3,NA,NA,0,0,0
"3265","SLV",2018,NA,11.9,6.7,13.8,0,1,0,0,0
"3266","SLV",2018,NA,11.9,6.7,13.8,1,0,0,0,0
"3267","SLV",2019,NA,11.5,6.5,13.3,1,0,NA,NA,NA
"3268","SOM",2000,1210,104.4,44.7,172.7,NA,NA,185,1,1
"3269","SOM",2001,1170,104.4,44.9,172.7,NA,NA,483,1,1
"3270","SOM",2002,1140,104.4,45.3,172.7,NA,NA,638,1,1
"3271","SOM",2003,1100,104.4,45.6,172.7,NA,NA,405,1,1
"3272","SOM",2004,1080,104.4,45.7,172.7,0,1,670,1,1
"3273","SOM",2004,1080,104.4,45.7,172.7,1,0,670,1,1
"3274","SOM",2005,1040,104.4,45.9,172.6,0,1,340,1,1
"3275","SOM",2006,1040,104,45.9,172,NA,NA,1204,1,1
"3276","SOM",2007,1030,103,45.5,170.1,NA,NA,1620,1,1
"3277","SOM",2008,1010,101.1,45,166.5,0,1,1751,1,1
"3278","SOM",2009,994,98.7,44.3,161.9,NA,NA,2204,1,1
"3279","SOM",2010,985,96.2,43.6,157.4,0,1,2722,1,1
"3280","SOM",2011,955,93.8,42.9,152.8,0,1,2118,1,1
"3281","SOM",2012,943,91,42.4,147.8,NA,NA,2989,1,1
"3282","SOM",2013,893,88.4,41.6,143,NA,NA,1045,1,1
"3283","SOM",2014,878,85.9,40.8,138.4,0,1,1247,1,1
"3284","SOM",2015,855,83.6,40,134.3,0,1,1250,1,1
"3285","SOM",2016,865,81.4,39.3,130.3,NA,NA,2065,1,1
"3286","SOM",2017,829,79.1,38.7,126.1,NA,NA,2071,1,1
"3287","SOM",2018,NA,76.8,38.1,122,NA,NA,2500,1,1
"3288","SOM",2019,NA,74.8,37.4,118.3,0,1,NA,NA,NA
"3289","SRB",2000,13,10.9,7.8,12.6,NA,NA,0,0,1
"3290","SRB",2001,13,10.6,7.5,12.2,NA,NA,0,0,0
"3291","SRB",2002,13,9.9,7.1,11.5,NA,NA,0,0,0
"3292","SRB",2003,13,9.1,6.5,10.5,NA,NA,0,0,0
"3293","SRB",2004,13,8.4,6,9.7,NA,NA,0,0,0
"3294","SRB",2005,12,7.7,5.6,8.9,NA,NA,0,0,0
"3295","SRB",2006,12,7.3,5.2,8.4,NA,NA,0,0,0
"3296","SRB",2007,12,7,5.1,8.1,NA,NA,0,0,0
"3297","SRB",2008,12,6.9,5,8,NA,NA,0,0,0
"3298","SRB",2009,12,6.7,4.9,7.8,NA,NA,0,0,0
"3299","SRB",2010,12,6.6,4.8,7.6,1,0,0,0,0
"3300","SRB",2011,12,6.4,4.7,7.4,NA,NA,0,0,0
"3301","SRB",2012,12,6.2,4.5,7.1,NA,NA,0,0,0
"3302","SRB",2013,12,5.9,4.4,6.9,NA,NA,0,0,0
"3303","SRB",2014,12,5.7,4.2,6.6,NA,NA,0,0,0
"3304","SRB",2015,13,5.4,4,6.3,NA,NA,0,0,0
"3305","SRB",2016,12,5.2,3.8,6,NA,NA,0,0,0
"3306","SRB",2017,12,5.1,3.7,5.9,NA,NA,0,0,0
"3307","SRB",2018,NA,5,3.6,5.8,NA,NA,0,0,0
"3308","SRB",2019,NA,4.9,3.6,5.7,NA,NA,NA,NA,NA
"3309","SSD",2000,1730,108.9,56,181.2,NA,NA,0,0,0
"3310","SSD",2001,1690,104.1,54.9,172.1,NA,NA,0,0,0
"3311","SSD",2002,1660,99.5,53.5,163.4,NA,NA,0,0,0
"3312","SSD",2003,1610,95,52.3,155.1,NA,NA,0,0,0
"3313","SSD",2004,1550,90.7,51,147.3,NA,NA,0,0,0
"3314","SSD",2005,1480,86.6,49.8,139.7,NA,NA,0,0,0
"3315","SSD",2006,1410,82.8,48.5,132.7,NA,NA,0,0,0
"3316","SSD",2007,1330,79.1,47.1,126.1,NA,NA,0,0,0
"3317","SSD",2008,1250,75.7,45.7,119.9,NA,NA,0,0,0
"3318","SSD",2009,1170,72.4,44.3,114,0,1,0,0,0
"3319","SSD",2010,1100,69.2,43,108.4,NA,NA,0,0,0
"3320","SSD",2011,1070,66.4,41.7,103.5,NA,NA,1194,1,0
"3321","SSD",2012,1050,64.5,40.9,100,NA,NA,864,1,1
"3322","SSD",2013,1090,63.6,40.4,98.3,NA,NA,1827,1,1
"3323","SSD",2014,1140,63.3,40.3,97.9,NA,NA,2491,1,1
"3324","SSD",2015,1110,63.3,40.3,97.9,NA,NA,1137,1,1
"3325","SSD",2016,1130,63.3,40.4,97.9,0,1,1303,1,1
"3326","SSD",2017,1150,63.3,40.5,97.9,NA,NA,1271,1,1
"3327","SSD",2018,NA,63.3,40.4,97.9,NA,NA,1217,1,1
"3328","SSD",2019,NA,63.3,40.3,97.9,NA,NA,NA,NA,NA
"3329","STP",2000,179,54.3,22.2,82,NA,NA,0,0,0
"3330","STP",2001,173,51.2,21.8,76.5,NA,NA,0,0,0
"3331","STP",2002,169,48,21.3,71,NA,NA,0,0,0
"3332","STP",2003,167,45,20.6,65.6,NA,NA,0,0,0
"3333","STP",2004,166,42.1,19.8,60.4,NA,NA,0,0,0
"3334","STP",2005,163,39.3,19.1,55.5,NA,NA,0,0,0
"3335","STP",2006,158,36.6,18.5,50.9,NA,NA,0,0,0
"3336","STP",2007,154,34.2,17.9,46.7,NA,NA,0,0,0
"3337","STP",2008,150,31.9,17.4,42.9,NA,NA,0,0,0
"3338","STP",2009,145,29.7,16.8,39.3,NA,NA,0,0,0
"3339","STP",2010,140,27.6,16.1,36.1,NA,NA,0,0,0
"3340","STP",2011,137,25.7,15.1,33,NA,NA,0,0,0
"3341","STP",2012,134,23.7,14,30.2,NA,NA,0,0,0
"3342","STP",2013,132,22,13,27.7,NA,NA,0,0,0
"3343","STP",2014,131,20.1,12,25.3,NA,NA,0,0,0
"3344","STP",2015,130,18.5,11.1,23.1,NA,NA,0,0,0
"3345","STP",2016,130,16.9,10.2,21.2,NA,NA,0,0,0
"3346","STP",2017,130,15.5,9.4,19.5,NA,NA,0,0,0
"3347","STP",2018,NA,14.4,8.8,18.1,NA,NA,0,0,0
"3348","STP",2019,NA,13.5,8.2,17,NA,NA,NA,NA,NA
"3349","SUR",2000,221,27.5,17.1,31.2,NA,NA,0,0,0
"3350","SUR",2001,218,26.6,17,30.1,NA,NA,0,0,0
"3351","SUR",2002,207,25.7,17,29.1,NA,NA,0,0,0
"3352","SUR",2003,189,24.9,17,28.2,NA,NA,0,0,0
"3353","SUR",2004,176,24.2,17,27.3,NA,NA,0,0,0
"3354","SUR",2005,164,23.5,16.8,26.5,NA,NA,0,0,0
"3355","SUR",2006,165,22.9,16.5,25.7,NA,NA,0,0,0
"3356","SUR",2007,167,22.2,16.1,25,NA,NA,0,0,0
"3357","SUR",2008,169,21.7,15.7,24.4,NA,NA,0,0,0
"3358","SUR",2009,159,21.1,15.2,23.7,NA,NA,0,0,0
"3359","SUR",2010,148,20.6,14.8,23.1,NA,NA,0,0,0
"3360","SUR",2011,139,20.1,14.3,22.5,NA,NA,0,0,0
"3361","SUR",2012,134,19.6,13.9,22,NA,NA,0,0,0
"3362","SUR",2013,129,19.1,13.4,21.4,NA,NA,0,0,0
"3363","SUR",2014,124,18.6,13.1,20.9,NA,NA,0,0,0
"3364","SUR",2015,122,18.2,12.7,20.3,NA,NA,0,0,0
"3365","SUR",2016,121,17.7,12.4,19.8,NA,NA,0,0,0
"3366","SUR",2017,120,17.2,12,19.3,NA,NA,0,0,0
"3367","SUR",2018,NA,16.7,11.6,18.7,NA,NA,0,0,0
"3368","SUR",2019,NA,16.2,11.2,18.1,NA,NA,NA,NA,NA
"3369","SVK",2000,8,8.2,5,9.8,NA,NA,0,0,0
"3370","SVK",2001,8,7.9,4.8,9.4,NA,NA,0,0,0
"3371","SVK",2002,7,7.6,4.6,9.1,NA,NA,0,0,0
"3372","SVK",2003,7,7.3,4.3,8.8,NA,NA,0,0,0
"3373","SVK",2004,7,7.1,4,8.5,NA,NA,0,0,0
"3374","SVK",2005,7,6.8,3.8,8.2,NA,NA,0,0,0
"3375","SVK",2006,6,6.6,3.6,7.9,NA,NA,0,0,0
"3376","SVK",2007,7,6.4,3.5,7.7,NA,NA,0,0,0
"3377","SVK",2008,6,6.1,3.4,7.4,NA,NA,0,0,0
"3378","SVK",2009,6,5.9,3.4,7.2,NA,NA,0,0,0
"3379","SVK",2010,6,5.8,3.3,7,NA,NA,0,0,0
"3380","SVK",2011,6,5.6,3.3,6.8,NA,NA,0,0,0
"3381","SVK",2012,6,5.5,3.3,6.6,NA,NA,0,0,0
"3382","SVK",2013,6,5.3,3.2,6.5,NA,NA,0,0,0
"3383","SVK",2014,5,5.2,3.1,6.4,NA,NA,0,0,0
"3384","SVK",2015,6,5.1,3.1,6.2,NA,NA,0,0,0
"3385","SVK",2016,6,5,3,6.1,NA,NA,0,0,0
"3386","SVK",2017,5,4.9,3,6,NA,NA,0,0,0
"3387","SVK",2018,NA,4.9,3,5.9,NA,NA,0,0,0
"3388","SVK",2019,NA,4.8,3,5.8,NA,NA,NA,NA,NA
"3389","SVN",2000,12,4.6,3.2,5.5,NA,NA,0,0,0
"3390","SVN",2001,10,4.3,3.1,5.2,NA,NA,0,0,0
"3391","SVN",2002,11,4.1,2.9,4.9,NA,NA,0,0,0
"3392","SVN",2003,10,3.9,2.8,4.7,NA,NA,0,0,0
"3393","SVN",2004,11,3.7,2.6,4.4,1,0,0,0,0
"3394","SVN",2005,10,3.5,2.4,4.2,NA,NA,0,0,0
"3395","SVN",2006,8,3.3,2.3,4,NA,NA,0,0,0
"3396","SVN",2007,8,3.1,2.1,3.8,NA,NA,0,0,0
"3397","SVN",2008,8,2.9,2,3.6,NA,NA,0,0,0
"3398","SVN",2009,8,2.8,1.9,3.4,NA,NA,0,0,0
"3399","SVN",2010,8,2.6,1.8,3.2,NA,NA,0,0,0
"3400","SVN",2011,8,2.5,1.7,3.1,NA,NA,0,0,0
"3401","SVN",2012,7,2.4,1.6,2.9,NA,NA,0,0,0
"3402","SVN",2013,7,2.3,1.5,2.8,NA,NA,0,0,0
"3403","SVN",2014,7,2.2,1.5,2.7,NA,NA,0,0,0
"3404","SVN",2015,7,2.1,1.4,2.6,NA,NA,0,0,0
"3405","SVN",2016,7,2,1.4,2.5,NA,NA,0,0,0
"3406","SVN",2017,7,2,1.3,2.4,NA,NA,0,0,0
"3407","SVN",2018,NA,1.9,1.3,2.3,NA,NA,0,0,0
"3408","SVN",2019,NA,1.8,1.3,2.3,NA,NA,NA,NA,NA
"3409","SWE",2000,5,3.4,2.3,4.1,NA,NA,0,0,0
"3410","SWE",2001,5,3.4,2.3,4.1,NA,NA,0,0,0
"3411","SWE",2002,5,3.3,2.2,4,NA,NA,0,0,0
"3412","SWE",2003,5,3.2,2.1,3.9,NA,NA,0,0,0
"3413","SWE",2004,5,3.1,2,3.7,NA,NA,0,0,0
"3414","SWE",2005,5,3,1.9,3.6,NA,NA,0,0,0
"3415","SWE",2006,5,2.8,1.8,3.4,NA,NA,0,0,0
"3416","SWE",2007,5,2.7,1.8,3.3,NA,NA,0,0,0
"3417","SWE",2008,5,2.6,1.7,3.2,NA,NA,0,0,0
"3418","SWE",2009,5,2.6,1.7,3.1,NA,NA,0,0,0
"3419","SWE",2010,4,2.5,1.6,3.1,NA,NA,0,0,0
"3420","SWE",2011,5,2.5,1.6,3,NA,NA,0,0,0
"3421","SWE",2012,5,2.4,1.6,3,NA,NA,0,0,0
"3422","SWE",2013,5,2.4,1.6,2.9,NA,NA,0,0,0
"3423","SWE",2014,5,2.4,1.6,2.9,NA,NA,0,0,0
"3424","SWE",2015,4,2.3,1.6,2.9,NA,NA,0,0,0
"3425","SWE",2016,4,2.3,1.5,2.8,NA,NA,0,0,0
"3426","SWE",2017,4,2.3,1.5,2.8,NA,NA,5,0,0
"3427","SWE",2018,NA,2.2,1.5,2.7,NA,NA,0,0,0
"3428","SWE",2019,NA,2.2,1.5,2.7,NA,NA,NA,NA,NA
"3429","SWZ",2000,521,67.8,25.3,112.2,NA,NA,0,0,0
"3430","SWZ",2001,528,69,25.2,115.8,0,1,0,0,0
"3431","SWZ",2002,534,69.6,24.9,117.7,NA,NA,0,0,0
"3432","SWZ",2003,538,69.8,24.5,119.2,NA,NA,0,0,0
"3433","SWZ",2004,539,69.1,23.9,119.7,NA,NA,0,0,0
"3434","SWZ",2005,532,68.3,23.3,119.4,NA,NA,0,0,0
"3435","SWZ",2006,518,58.8,22.8,109,NA,NA,0,0,0
"3436","SWZ",2007,496,59.3,22.4,103.8,0,1,0,0,0
"3437","SWZ",2008,474,61.1,22.3,101.9,NA,NA,0,0,0
"3438","SWZ",2009,460,57.9,22.3,96,NA,NA,0,0,0
"3439","SWZ",2010,450,54.7,22.4,85.5,NA,NA,0,0,0
"3440","SWZ",2011,441,51.5,22.5,73.4,NA,NA,0,0,0
"3441","SWZ",2012,435,50.6,22.6,66,NA,NA,0,0,0
"3442","SWZ",2013,432,49.5,22.5,62.5,NA,NA,0,0,0
"3443","SWZ",2014,434,50.1,22.4,62.4,NA,NA,0,0,0
"3444","SWZ",2015,435,45.2,22.1,57.2,NA,NA,0,0,0
"3445","SWZ",2016,436,42.6,21.8,55.6,0,1,0,0,0
"3446","SWZ",2017,437,43.5,21.5,57.9,NA,NA,0,0,0
"3447","SWZ",2018,NA,39.4,21.1,52.2,NA,NA,0,0,0
"3448","SWZ",2019,NA,37.7,20.7,48,0,1,NA,NA,NA
"3449","SYC",2000,53,11.8,8.7,13.8,NA,NA,0,0,0
"3450","SYC",2001,54,11.8,8.7,13.7,NA,NA,0,0,0
"3451","SYC",2002,54,11.8,8.6,13.7,NA,NA,0,0,0
"3452","SYC",2003,54,11.8,8.6,13.7,NA,NA,0,0,0
"3453","SYC",2004,55,11.8,8.6,13.7,1,0,0,0,0
"3454","SYC",2005,55,11.8,8.6,13.7,NA,NA,0,0,0
"3455","SYC",2006,55,11.9,8.6,13.8,NA,NA,0,0,0
"3456","SYC",2007,55,11.9,8.6,13.8,NA,NA,0,0,0
"3457","SYC",2008,55,12,8.6,13.9,NA,NA,0,0,0
"3458","SYC",2009,55,12,8.6,14,NA,NA,0,0,0
"3459","SYC",2010,55,12.1,8.7,14.1,NA,NA,0,0,0
"3460","SYC",2011,55,12.2,8.7,14.2,NA,NA,0,0,0
"3461","SYC",2012,55,12.4,8.8,14.4,NA,NA,0,0,0
"3462","SYC",2013,55,12.5,8.9,14.5,NA,NA,0,0,0
"3463","SYC",2014,55,12.6,8.9,14.7,NA,NA,0,0,0
"3464","SYC",2015,54,12.7,9,14.8,NA,NA,0,0,0
"3465","SYC",2016,54,12.8,9,14.8,NA,NA,0,0,0
"3466","SYC",2017,53,12.7,8.9,14.7,NA,NA,0,0,0
"3467","SYC",2018,NA,12.5,8.8,14.5,NA,NA,0,0,0
"3468","SYC",2019,NA,12.3,8.6,14.3,NA,NA,NA,NA,NA
"3469","SYR",2000,26,19.6,12.1,23,NA,NA,0,0,0
"3470","SYR",2001,26,18.9,11.8,22.1,NA,NA,0,0,0
"3471","SYR",2002,26,18.2,11.5,21.4,NA,NA,0,0,0
"3472","SYR",2003,25,17.7,11.2,20.7,NA,NA,0,0,0
"3473","SYR",2004,26,17.2,11,20.1,NA,NA,8,0,0
"3474","SYR",2005,25,16.8,10.7,19.7,NA,NA,0,0,0
"3475","SYR",2006,26,16.5,10.5,19.3,NA,NA,0,0,0
"3476","SYR",2007,26,16.3,10.4,19.1,NA,NA,0,0,0
"3477","SYR",2008,26,16.2,10.2,18.9,0,1,1,0,0
"3478","SYR",2009,26,16.1,10.1,18.8,NA,NA,0,0,0
"3479","SYR",2010,27,16.2,10.1,18.9,NA,NA,0,0,0
"3480","SYR",2011,28,16.7,10.1,20.1,NA,NA,4347,1,0
"3481","SYR",2012,28,23.4,10.4,37,NA,NA,53695,1,1
"3482","SYR",2013,29,26.8,10.6,45.3,NA,NA,76490,1,1
"3483","SYR",2014,30,27.7,10.8,47,NA,NA,78644,1,1
"3484","SYR",2015,30,25.6,10.8,41.6,NA,NA,59582,1,1
"3485","SYR",2016,30,25,10.9,39.5,NA,NA,53863,1,1
"3486","SYR",2017,31,18.8,10.8,23.5,NA,NA,38534,1,1
"3487","SYR",2018,NA,18.9,10.8,23.4,NA,NA,21727,1,1
"3488","SYR",2019,NA,18.4,10.8,22.2,NA,NA,NA,NA,NA
"3489","TCD",2000,1420,99.7,44.1,184,NA,NA,1070,1,1
"3490","TCD",2001,1410,98.2,43.2,180.5,0,1,230,1,1
"3491","TCD",2002,1400,96.8,42.2,177.1,NA,NA,297,1,1
"3492","TCD",2003,1370,95.3,41.4,173.8,NA,NA,37,1,1
"3493","TCD",2004,1350,93.9,40.6,170.4,NA,NA,78,1,1
"3494","TCD",2005,1330,92.4,39.9,166.9,NA,NA,267,1,1
"3495","TCD",2006,1340,90.8,39.4,163.3,NA,NA,1956,1,1
"3496","TCD",2007,1300,89.2,38.9,159.6,NA,NA,431,1,1
"3497","TCD",2008,1310,87.5,38.6,155.7,NA,NA,994,1,1
"3498","TCD",2009,1270,85.8,38.2,151.7,0,1,135,1,1
"3499","TCD",2010,1240,84.1,37.8,147.7,NA,NA,4,0,1
"3500","TCD",2011,1210,82.3,37.5,143.7,NA,NA,0,0,0
"3501","TCD",2012,1190,80.6,37.1,139.8,0,1,0,0,0
"3502","TCD",2013,1170,78.9,36.6,135.9,NA,NA,0,0,0
"3503","TCD",2014,1170,77.3,36.1,132.3,NA,NA,16,0,0
"3504","TCD",2015,1160,75.7,35.5,128.7,NA,NA,397,1,0
"3505","TCD",2016,1140,74.1,35,124.9,NA,NA,26,1,1
"3506","TCD",2017,1140,72.4,34.5,121.1,0,1,91,1,1
"3507","TCD",2018,NA,70.7,33.8,117.3,NA,NA,168,1,1
"3508","TCD",2019,NA,69,33.3,113.5,NA,NA,NA,NA,NA
"3509","TGO",2000,489,75.7,36.7,119.9,NA,NA,0,0,0
"3510","TGO",2001,489,73.7,35.8,116.4,NA,NA,0,0,0
"3511","TGO",2002,489,71.8,35,112.9,NA,NA,0,0,0
"3512","TGO",2003,489,69.9,34.3,109.5,NA,NA,0,0,0
"3513","TGO",2004,488,68,33.6,106.3,NA,NA,0,0,0
"3514","TGO",2005,492,66.3,32.9,103.1,NA,NA,436,1,0
"3515","TGO",2006,482,64.6,32.2,100.1,NA,NA,0,0,1
"3516","TGO",2007,480,62.9,31.5,97.3,NA,NA,0,0,0
"3517","TGO",2008,473,61.4,30.8,94.4,NA,NA,0,0,0
"3518","TGO",2009,458,59.8,30.1,91.7,NA,NA,0,0,0
"3519","TGO",2010,440,58.3,29.5,89,NA,NA,0,0,0
"3520","TGO",2011,422,56.7,28.9,86.2,NA,NA,0,0,0
"3521","TGO",2012,410,55.2,28.4,83.5,NA,NA,0,0,0
"3522","TGO",2013,404,53.7,27.8,80.9,NA,NA,0,0,0
"3523","TGO",2014,401,52.2,27.4,78.3,NA,NA,0,0,0
"3524","TGO",2015,398,50.8,26.9,75.9,NA,NA,0,0,0
"3525","TGO",2016,395,49.4,26.4,73.4,NA,NA,0,0,0
"3526","TGO",2017,396,48.1,25.9,71.1,NA,NA,0,0,0
"3527","TGO",2018,NA,46.8,25.4,68.8,NA,NA,0,0,0
"3528","TGO",2019,NA,45.5,25,66.5,NA,NA,NA,NA,NA
"3529","THA",2000,43,18.7,12.4,22,NA,NA,8,0,0
"3530","THA",2001,43,17.8,11.8,20.9,NA,NA,25,1,0
"3531","THA",2002,44,17,11.2,19.9,0,1,23,0,1
"3532","THA",2003,44,16.2,10.7,18.9,NA,NA,26,1,0
"3533","THA",2004,46,15.5,10.2,18,1,0,310,1,1
"3534","THA",2005,43,14.8,9.7,17.2,0,1,494,1,1
"3535","THA",2006,42,14.1,9.2,16.4,NA,NA,541,1,1
"3536","THA",2007,42,13.4,8.8,15.6,NA,NA,518,1,1
"3537","THA",2008,43,12.8,8.4,14.9,0,1,328,1,1
"3538","THA",2009,43,12.2,8,14.2,NA,NA,258,1,1
"3539","THA",2010,42,11.7,7.7,13.6,0,1,218,1,1
"3540","THA",2011,41,11.2,7.3,13,1,0,277,1,1
"3541","THA",2011,41,11.2,7.3,13,0,1,277,1,1
"3542","THA",2012,39,10.6,7,12.4,0,1,244,1,1
"3543","THA",2013,39,10.2,6.7,11.8,NA,NA,249,1,1
"3544","THA",2014,38,9.7,6.4,11.3,1,0,100,1,1
"3545","THA",2014,38,9.7,6.4,11.3,0,1,100,1,1
"3546","THA",2015,38,9.3,6.1,10.8,0,1,84,1,1
"3547","THA",2016,37,8.9,5.9,10.3,NA,NA,69,1,1
"3548","THA",2017,37,8.5,5.6,9.9,NA,NA,50,1,1
"3549","THA",2018,NA,8.1,5.4,9.4,NA,NA,61,1,1
"3550","THA",2019,NA,7.7,5.1,9,0,1,NA,NA,NA
"3551","TJK",2000,53,67.6,28.4,83.6,1,0,46,1,0
"3552","TJK",2000,53,67.6,28.4,83.6,0,1,46,1,0
"3553","TJK",2001,52,62.9,27.2,77.2,NA,NA,0,0,1
"3554","TJK",2002,43,58.4,26,71,1,0,0,0,0
"3555","TJK",2002,43,58.4,26,71,1,0,0,0,0
"3556","TJK",2003,35,54.2,24.8,65.2,NA,NA,0,0,0
"3557","TJK",2004,33,50.4,23.8,60.1,1,0,0,0,0
"3558","TJK",2005,32,47,23.1,55.6,NA,NA,1,0,0
"3559","TJK",2006,29,44.1,22.5,51.9,1,0,8,0,0
"3560","TJK",2007,27,41.7,22,48.8,1,0,0,0,0
"3561","TJK",2008,26,39.7,21.5,46.3,0,1,0,0,0
"3562","TJK",2009,26,38.1,20.8,44.3,NA,NA,17,0,0
"3563","TJK",2010,23,36.9,20.1,42.7,1,0,98,1,0
"3564","TJK",2011,22,35.8,19.2,41.4,1,0,28,1,1
"3565","TJK",2012,21,35,18.3,40.3,1,0,0,0,1
"3566","TJK",2013,20,34.2,17.5,39.4,NA,NA,3,0,0
"3567","TJK",2014,19,33.4,16.8,38.4,NA,NA,3,0,0
"3568","TJK",2015,18,32.6,16.3,37.5,1,0,0,0,0
"3569","TJK",2016,17,31.8,15.9,36.5,1,0,0,0,0
"3570","TJK",2017,17,30.9,15.4,35.3,NA,NA,0,0,0
"3571","TJK",2018,NA,30.1,15,34.3,NA,NA,4,0,0
"3572","TJK",2019,NA,29.2,14.5,33.3,NA,NA,NA,NA,NA
"3573","TKM",2000,29,57.5,29.6,69.7,1,0,0,0,0
"3574","TKM",2001,27,54.7,29,66,NA,NA,0,0,0
"3575","TKM",2002,25,51.9,28.3,62.2,NA,NA,0,0,0
"3576","TKM",2003,21,49.2,27.5,58.6,NA,NA,0,0,0
"3577","TKM",2004,20,46.7,26.7,55.2,NA,NA,0,0,0
"3578","TKM",2005,18,44.4,25.8,52.3,NA,NA,0,0,0
"3579","TKM",2006,18,42.3,25,49.6,NA,NA,0,0,0
"3580","TKM",2007,15,40.6,24.2,47.4,NA,NA,0,0,0
"3581","TKM",2008,13,39.1,23.7,45.5,NA,NA,0,0,0
"3582","TKM",2009,12,38,23.3,44.1,NA,NA,0,0,0
"3583","TKM",2010,10,37.2,23,43.1,NA,NA,0,0,0
"3584","TKM",2011,10,36.7,22.9,42.5,NA,NA,0,0,0
"3585","TKM",2012,9,36.3,22.8,42,NA,NA,0,0,0
"3586","TKM",2013,9,36.3,22.8,41.9,NA,NA,0,0,0
"3587","TKM",2014,8,36.3,23,42,NA,NA,0,0,0
"3588","TKM",2015,8,36.4,23.3,42.2,NA,NA,0,0,0
"3589","TKM",2016,8,36.7,23.5,42.5,NA,NA,0,0,0
"3590","TKM",2017,7,37,23.8,42.9,NA,NA,0,0,0
"3591","TKM",2018,NA,37,23.9,42.8,NA,NA,0,0,0
"3592","TKM",2019,NA,36.6,23.8,42.4,NA,NA,NA,NA,NA
"3593","TLS",2000,745,84.5,37.8,107.7,NA,NA,0,0,0
"3594","TLS",2001,720,80.6,36,102.1,NA,NA,0,0,0
"3595","TLS",2002,668,76.8,34.2,96.5,NA,NA,0,0,0
"3596","TLS",2003,603,73,32.6,91.2,NA,NA,0,0,0
"3597","TLS",2004,507,69.3,31,86,NA,NA,0,0,0
"3598","TLS",2005,415,65.7,29.5,80.9,NA,NA,0,0,0
"3599","TLS",2006,348,62.1,28.3,76.1,NA,NA,0,0,0
"3600","TLS",2007,300,58.8,27.2,71.6,0,1,0,0,0
"3601","TLS",2008,269,56,26.2,67.7,NA,NA,0,0,0
"3602","TLS",2009,242,53.6,25.4,64.4,NA,NA,0,0,0
"3603","TLS",2010,219,51.4,24.7,61.5,NA,NA,0,0,0
"3604","TLS",2011,198,49.4,24.1,58.8,NA,NA,0,0,0
"3605","TLS",2012,185,47.5,23.5,56.3,NA,NA,0,0,0
"3606","TLS",2013,176,45.9,22.9,54.2,NA,NA,0,0,0
"3607","TLS",2014,168,44.3,22.4,52.1,NA,NA,0,0,0
"3608","TLS",2015,160,42.8,21.9,50.2,1,0,0,0,0
"3609","TLS",2016,152,41.4,21.4,48.4,0,1,0,0,0
"3610","TLS",2017,142,40.1,20.9,46.8,NA,NA,0,0,0
"3611","TLS",2018,NA,38.8,20.4,45.1,NA,NA,0,0,0
"3612","TLS",2019,NA,37.7,19.9,43.7,NA,NA,NA,NA,NA
"3613","TON",2000,77,14.5,7.1,16.9,NA,NA,0,0,0
"3614","TON",2001,73,14.2,7,16.5,NA,NA,0,0,0
"3615","TON",2002,71,13.8,6.8,16,NA,NA,0,0,0
"3616","TON",2003,69,13.4,6.6,15.6,NA,NA,0,0,0
"3617","TON",2004,67,13,6.4,15.1,NA,NA,0,0,0
"3618","TON",2005,66,12.7,6.2,14.7,NA,NA,0,0,0
"3619","TON",2006,64,12.3,6,14.3,NA,NA,0,0,0
"3620","TON",2007,62,12,5.8,14,NA,NA,0,0,0
"3621","TON",2008,60,11.8,5.7,13.7,NA,NA,0,0,0
"3622","TON",2009,61,11.5,5.6,13.4,1,0,0,0,0
"3623","TON",2010,57,11.3,5.5,13.2,NA,NA,0,0,0
"3624","TON",2011,56,11.1,5.4,12.9,NA,NA,0,0,0
"3625","TON",2012,56,11,5.4,12.8,NA,NA,0,0,0
"3626","TON",2013,56,10.9,5.4,12.6,NA,NA,0,0,0
"3627","TON",2014,55,10.8,5.4,12.5,NA,NA,0,0,0
"3628","TON",2015,54,10.7,5.3,12.4,0,1,0,0,0
"3629","TON",2016,53,10.6,5.3,12.3,NA,NA,0,0,0
"3630","TON",2017,52,10.4,5.3,12.1,NA,NA,0,0,0
"3631","TON",2018,NA,10.3,5.2,11.9,NA,NA,0,0,0
"3632","TON",2019,NA,10,5.1,11.7,NA,NA,NA,NA,NA
"3633","TTO",2000,81,24.7,18,27.9,NA,NA,0,0,0
"3634","TTO",2001,78,24.5,17.8,27.7,NA,NA,0,0,0
"3635","TTO",2002,74,24.3,17.6,27.4,NA,NA,0,0,0
"3636","TTO",2003,75,23.9,17.4,27,NA,NA,0,0,0
"3637","TTO",2004,76,23.5,17,26.4,NA,NA,0,0,0
"3638","TTO",2005,76,23,16.6,25.9,NA,NA,0,0,0
"3639","TTO",2006,73,22.4,16.2,25.2,NA,NA,0,0,0
"3640","TTO",2007,65,21.7,15.7,24.4,NA,NA,0,0,0
"3641","TTO",2008,72,21.2,15.3,23.8,NA,NA,0,0,0
"3642","TTO",2009,74,20.7,14.9,23.2,NA,NA,0,0,0
"3643","TTO",2010,71,20.1,14.4,22.5,0,1,0,0,0
"3644","TTO",2011,72,19.5,14,21.8,NA,NA,0,0,0
"3645","TTO",2012,71,18.9,13.6,21.2,NA,NA,0,0,0
"3646","TTO",2013,70,18.4,13.2,20.6,NA,NA,0,0,0
"3647","TTO",2014,69,17.8,12.8,19.9,NA,NA,0,0,0
"3648","TTO",2015,68,17.3,12.4,19.3,NA,NA,0,0,0
"3649","TTO",2016,68,16.8,12,18.8,NA,NA,0,0,0
"3650","TTO",2017,67,16.3,11.7,18.3,NA,NA,0,0,0
"3651","TTO",2018,NA,15.8,11.3,17.7,NA,NA,0,0,0
"3652","TTO",2019,NA,15.4,11,17.2,NA,NA,NA,NA,NA
"3653","TUN",2000,66,25,18.3,29.9,NA,NA,0,0,0
"3654","TUN",2001,63,23.4,17.2,27.9,NA,NA,0,0,0
"3655","TUN",2002,60,22,16.3,26.1,NA,NA,21,0,0
"3656","TUN",2003,57,20.8,15.5,24.6,NA,NA,0,0,0
"3657","TUN",2004,54,19.7,14.7,23.2,NA,NA,0,0,0
"3658","TUN",2005,51,18.8,14.1,22,NA,NA,0,0,0
"3659","TUN",2006,49,17.9,13.6,21,NA,NA,0,0,0
"3660","TUN",2007,47,17.2,13.2,20.2,NA,NA,0,0,0
"3661","TUN",2008,47,16.6,12.8,19.4,NA,NA,0,0,0
"3662","TUN",2009,46,16.2,12.5,18.9,NA,NA,0,0,0
"3663","TUN",2010,46,15.8,12.3,18.4,NA,NA,0,0,0
"3664","TUN",2011,46,15.5,12.2,18,NA,NA,8,0,0
"3665","TUN",2012,46,15.2,12.1,17.7,NA,NA,3,0,0
"3666","TUN",2013,46,15,12.1,17.5,NA,NA,29,1,0
"3667","TUN",2014,46,14.9,12,17.3,NA,NA,51,1,1
"3668","TUN",2015,46,14.8,12.1,17.2,NA,NA,135,1,1
"3669","TUN",2016,45,14.7,12.1,17.1,NA,NA,88,1,1
"3670","TUN",2017,43,14.7,12.1,17.1,NA,NA,15,0,1
"3671","TUN",2018,NA,14.6,12.1,17,NA,NA,25,1,0
"3672","TUN",2019,NA,14.5,12,16.9,NA,NA,NA,NA,NA
"3673","TUR",2000,42,30.9,18.2,37.9,1,0,153,1,1
"3674","TUR",2000,42,30.9,18.2,37.9,1,0,153,1,1
"3675","TUR",2001,41,29,17.1,35.3,1,0,120,1,1
"3676","TUR",2001,41,29,17.1,35.3,1,0,120,1,1
"3677","TUR",2002,39,27.1,15.9,32.7,1,0,34,1,1
"3678","TUR",2003,38,25.3,14.9,30.4,1,0,150,1,1
"3679","TUR",2003,38,25.3,14.9,30.4,1,0,150,1,1
"3680","TUR",2003,38,25.3,14.9,30.4,1,0,150,1,1
"3681","TUR",2003,38,25.3,14.9,30.4,1,0,150,1,1
"3682","TUR",2004,35,23.6,14,28.2,1,0,221,1,1
"3683","TUR",2004,35,23.6,14,28.2,1,0,221,1,1
"3684","TUR",2004,35,23.6,14,28.2,1,0,221,1,1
"3685","TUR",2005,33,22,13,26.2,1,0,295,1,1
"3686","TUR",2005,33,22,13,26.2,1,0,295,1,1
"3687","TUR",2005,33,22,13,26.2,1,0,295,1,1
"3688","TUR",2006,30,20.5,12.1,24.3,NA,NA,226,1,1
"3689","TUR",2007,28,19.2,11.3,22.5,NA,NA,502,1,1
"3690","TUR",2008,27,17.9,10.4,20.9,NA,NA,491,1,1
"3691","TUR",2009,25,16.6,9.7,19.5,NA,NA,138,1,1
"3692","TUR",2010,24,15.5,9,18.1,1,0,231,1,1
"3693","TUR",2011,23,14.5,8.3,16.9,1,0,410,1,1
"3694","TUR",2011,23,14.5,8.3,16.9,1,0,410,1,1
"3695","TUR",2011,23,14.5,8.3,16.9,1,0,410,1,1
"3696","TUR",2012,22,13.6,7.7,15.8,NA,NA,789,1,1
"3697","TUR",2013,20,12.7,7.2,14.7,NA,NA,23,0,1
"3698","TUR",2014,19,11.9,6.7,13.8,1,0,11,0,0
"3699","TUR",2015,19,11.1,6.3,13,NA,NA,1061,1,0
"3700","TUR",2016,18,10.5,6,12.1,NA,NA,1558,1,1
"3701","TUR",2017,17,9.8,5.8,11.4,1,0,455,1,1
"3702","TUR",2018,NA,9.2,5.5,10.7,NA,NA,435,1,1
"3703","TUR",2019,NA,8.6,5.3,10.1,1,0,NA,NA,NA
"3704","TZA",2000,854,78.9,33.7,129.7,1,0,0,0,0
"3705","TZA",2001,819,74.4,32.5,121.9,1,0,37,1,0
"3706","TZA",2002,788,69.9,31.3,114,1,0,0,0,1
"3707","TZA",2003,763,65.6,30.2,106.5,0,1,0,0,0
"3708","TZA",2004,741,61.9,29.1,99.9,0,1,0,0,0
"3709","TZA",2004,741,61.9,29.1,99.9,1,0,0,0,0
"3710","TZA",2005,721,58.5,28.1,93.9,1,0,0,0,0
"3711","TZA",2006,703,55.8,27.4,88.8,0,1,0,0,0
"3712","TZA",2007,685,52.9,26.6,83.8,NA,NA,3,0,0
"3713","TZA",2008,666,51,26,79.6,NA,NA,0,0,0
"3714","TZA",2009,656,48.7,25.4,75.4,NA,NA,0,0,0
"3715","TZA",2010,644,47.1,24.9,71.9,NA,NA,0,0,0
"3716","TZA",2011,628,45.5,24.3,68.4,0,1,0,0,0
"3717","TZA",2012,615,44,23.8,65.3,NA,NA,0,0,0
"3718","TZA",2013,593,43,23.3,62.7,NA,NA,0,0,0
"3719","TZA",2014,574,41.9,22.8,59.9,NA,NA,0,0,0
"3720","TZA",2015,556,40.9,22.3,58.1,NA,NA,0,0,0
"3721","TZA",2016,539,39.7,21.9,56,1,0,0,0,0
"3722","TZA",2017,524,38.2,21.5,54.1,NA,NA,1,0,0
"3723","TZA",2018,NA,36.8,21,52.1,NA,NA,1,0,0
"3724","TZA",2019,NA,35.8,20.6,50.5,NA,NA,NA,NA,NA
"3725","UGA",2000,578,87.1,32.3,146.1,NA,NA,1238,1,1
"3726","UGA",2001,550,83.4,31.4,139.3,NA,NA,212,1,1
"3727","UGA",2002,537,79.2,30.5,131.6,0,1,1316,1,1
"3728","UGA",2003,520,74.7,29.5,123.5,NA,NA,1628,1,1
"3729","UGA",2004,512,70,28.7,115.1,NA,NA,2004,1,1
"3730","UGA",2005,491,65.6,27.9,107.1,0,1,922,1,1
"3731","UGA",2006,473,61.6,27.3,99.6,NA,NA,334,1,1
"3732","UGA",2007,465,57.9,26.7,92.8,NA,NA,156,1,1
"3733","UGA",2008,455,54.5,26.1,86.8,0,1,32,1,1
"3734","UGA",2009,442,52.1,25.5,81.5,NA,NA,59,1,1
"3735","UGA",2010,430,49.5,25,76.3,0,1,74,1,1
"3736","UGA",2011,419,47,24.5,71.6,NA,NA,0,0,1
"3737","UGA",2012,412,44.3,24,66.7,NA,NA,0,0,0
"3738","UGA",2013,401,42.4,23.4,62.3,NA,NA,0,0,0
"3739","UGA",2014,394,40.6,22.7,58.8,NA,NA,7,0,0
"3740","UGA",2015,387,38.9,22.1,55.7,NA,NA,0,0,0
"3741","UGA",2016,381,37.3,21.5,52.4,1,0,30,1,0
"3742","UGA",2017,375,35.7,20.8,49.9,NA,NA,0,0,1
"3743","UGA",2018,NA,34.1,20.3,47.4,NA,NA,2,0,0
"3744","UGA",2019,NA,33,19.8,45.3,NA,NA,NA,NA,NA
"3745","UKR",2000,35,15.7,11,18.3,NA,NA,0,0,0
"3746","UKR",2001,33,15,10.5,17.4,NA,NA,0,0,0
"3747","UKR",2002,33,14.3,9.9,16.6,NA,NA,0,0,0
"3748","UKR",2003,32,13.6,9.4,15.8,NA,NA,0,0,0
"3749","UKR",2004,33,13,9,15.1,NA,NA,0,0,0
"3750","UKR",2005,33,12.5,8.6,14.5,NA,NA,0,0,0
"3751","UKR",2006,31,12,8.3,14,NA,NA,0,0,0
"3752","UKR",2007,33,11.5,8,13.4,NA,NA,0,0,0
"3753","UKR",2008,33,11.1,7.6,12.9,NA,NA,0,0,0
"3754","UKR",2009,27,10.6,7.3,12.3,NA,NA,0,0,0
"3755","UKR",2010,25,10.1,7,11.7,NA,NA,0,0,0
"3756","UKR",2011,23,9.6,6.6,11.2,NA,NA,0,0,0
"3757","UKR",2012,24,9.2,6.3,10.7,0,1,0,0,0
"3758","UKR",2013,23,8.8,6,10.2,NA,NA,0,0,0
"3759","UKR",2014,24,8.4,5.8,9.8,NA,NA,4528,1,0
"3760","UKR",2015,21,8.1,5.6,9.5,NA,NA,1726,1,1
"3761","UKR",2016,20,7.9,5.4,9.2,NA,NA,255,1,1
"3762","UKR",2017,19,7.6,5.3,8.9,NA,NA,415,1,1
"3763","UKR",2018,NA,7.4,5.1,8.6,NA,NA,243,1,1
"3764","UKR",2019,NA,7.2,5,8.4,NA,NA,NA,NA,NA
"3765","URY",2000,26,14.8,8.5,17,NA,NA,0,0,0
"3766","URY",2001,25,14.4,8.4,16.5,NA,NA,0,0,0
"3767","URY",2002,25,14.1,8.2,16.2,NA,NA,0,0,0
"3768","URY",2003,23,13.7,8,15.7,NA,NA,0,0,0
"3769","URY",2004,23,13.2,7.8,15.1,NA,NA,0,0,0
"3770","URY",2005,22,12.5,7.3,14.4,NA,NA,0,0,0
"3771","URY",2006,20,11.7,6.8,13.5,NA,NA,0,0,0
"3772","URY",2007,20,11,6.1,12.6,NA,NA,0,0,0
"3773","URY",2008,19,10.3,5.4,11.8,NA,NA,0,0,0
"3774","URY",2009,19,9.7,5,11.2,NA,NA,0,0,0
"3775","URY",2010,17,9.3,4.8,10.7,NA,NA,0,0,0
"3776","URY",2011,17,8.9,4.8,10.3,NA,NA,0,0,0
"3777","URY",2012,17,8.6,5,10,NA,NA,0,0,0
"3778","URY",2013,18,8.3,5.1,9.7,NA,NA,0,0,0
"3779","URY",2014,17,8,5.2,9.3,NA,NA,0,0,0
"3780","URY",2015,18,7.6,5,8.9,NA,NA,0,0,0
"3781","URY",2016,18,7.2,4.8,8.4,NA,NA,0,0,0
"3782","URY",2017,17,6.8,4.4,7.8,NA,NA,0,0,0
"3783","URY",2018,NA,6.3,4,7.3,0,1,0,0,0
"3784","URY",2019,NA,5.8,4,6.7,NA,NA,NA,NA,NA
"3785","USA",2000,12,7.1,4.6,8.4,0,1,0,0,0
"3786","USA",2000,12,7.1,4.6,8.4,1,0,0,0,0
"3787","USA",2000,12,7.1,4.6,8.4,0,1,0,0,0
"3788","USA",2001,13,7,4.6,8.3,1,0,2986,1,0
"3789","USA",2002,13,6.9,4.6,8.2,0,1,0,0,1
"3790","USA",2003,13,6.9,4.6,8.1,1,0,0,0,0
"3791","USA",2004,13,6.8,4.6,8.1,NA,NA,0,0,0
"3792","USA",2005,13,6.7,4.5,8,NA,NA,0,0,0
"3793","USA",2006,14,6.7,4.4,7.9,1,0,0,0,0
"3794","USA",2007,14,6.6,4.3,7.7,0,1,0,0,0
"3795","USA",2008,14,6.5,4.3,7.6,1,0,0,0,0
"3796","USA",2009,15,6.4,4.2,7.5,NA,NA,0,0,0
"3797","USA",2010,15,6.2,4.1,7.3,1,0,2,0,0
"3798","USA",2011,15,6.1,4.1,7.2,0,1,0,0,0
"3799","USA",2012,16,6,4.1,7.1,0,1,0,0,0
"3800","USA",2012,16,6,4.1,7.1,0,1,0,0,0
"3801","USA",2013,16,6,4,7,NA,NA,0,0,0
"3802","USA",2014,16,5.9,4,6.9,1,0,0,0,0
"3803","USA",2014,16,5.9,4,6.9,0,1,0,0,0
"3804","USA",2015,18,5.8,3.9,6.8,0,1,14,0,0
"3805","USA",2016,19,5.7,3.8,6.7,1,0,0,0,0
"3806","USA",2017,19,5.7,3.8,6.6,0,1,8,0,0
"3807","USA",2018,NA,5.6,3.7,6.5,0,1,0,0,0
"3808","USA",2019,NA,5.5,3.5,6.4,1,0,NA,NA,NA
"3809","UZB",2000,41,50.8,27.8,60.7,0,1,297,1,1
"3810","UZB",2001,41,48.4,26.9,57.4,NA,NA,0,0,1
"3811","UZB",2002,41,45.7,25.8,53.9,NA,NA,0,0,0
"3812","UZB",2003,39,43,24.7,50.4,NA,NA,0,0,0
"3813","UZB",2004,37,40.1,23.6,46.8,NA,NA,37,1,0
"3814","UZB",2005,38,37.4,22.4,43.4,NA,NA,0,0,1
"3815","UZB",2006,37,34.8,21.2,40.1,NA,NA,0,0,0
"3816","UZB",2007,35,32.2,20,37,NA,NA,0,0,0
"3817","UZB",2008,34,29.8,18.4,34,NA,NA,0,0,0
"3818","UZB",2009,32,27.5,16.9,31.3,NA,NA,16,0,0
"3819","UZB",2010,31,25.4,15.5,28.7,NA,NA,0,0,0
"3820","UZB",2011,32,23.4,14.3,26.4,1,0,0,0,0
"3821","UZB",2012,32,21.7,13.1,24.4,NA,NA,0,0,0
"3822","UZB",2013,31,20,12.1,22.5,NA,NA,0,0,0
"3823","UZB",2014,30,18.6,11.2,20.8,NA,NA,0,0,0
"3824","UZB",2015,30,17.3,10.4,19.3,NA,NA,0,0,0
"3825","UZB",2016,29,16.1,9.8,18,NA,NA,0,0,0
"3826","UZB",2017,29,15,9.2,16.8,NA,NA,0,0,0
"3827","UZB",2018,NA,14.1,8.6,15.8,NA,NA,0,0,0
"3828","UZB",2019,NA,13.3,8.1,14.8,NA,NA,NA,NA,NA
"3829","VCT",2000,80,19.2,13.1,22.2,NA,NA,0,0,0
"3830","VCT",2001,75,19.1,13.1,22,NA,NA,0,0,0
"3831","VCT",2002,72,19.1,13.1,21.9,NA,NA,0,0,0
"3832","VCT",2003,69,19,13.1,21.7,NA,NA,0,0,0
"3833","VCT",2004,64,19,13,21.6,NA,NA,0,0,0
"3834","VCT",2005,59,18.9,12.9,21.5,NA,NA,0,0,0
"3835","VCT",2006,62,18.8,12.9,21.3,NA,NA,0,0,0
"3836","VCT",2007,67,18.7,12.9,21.1,NA,NA,0,0,0
"3837","VCT",2008,70,18.5,12.8,20.8,NA,NA,0,0,0
"3838","VCT",2009,67,18.2,12.7,20.4,NA,NA,0,0,0
"3839","VCT",2010,63,17.8,12.6,19.8,0,1,0,0,0
"3840","VCT",2011,64,17.3,12.3,19.2,NA,NA,0,0,0
"3841","VCT",2012,71,16.8,11.9,18.6,NA,NA,0,0,0
"3842","VCT",2013,73,16.2,11.5,18,NA,NA,0,0,0
"3843","VCT",2014,69,15.7,11,17.4,NA,NA,0,0,0
"3844","VCT",2015,64,15.2,10.6,16.7,NA,NA,0,0,0
"3845","VCT",2016,67,14.7,10.2,16.2,NA,NA,0,0,0
"3846","VCT",2017,68,14.3,9.8,15.6,NA,NA,0,0,0
"3847","VCT",2018,NA,13.8,9.4,15.1,NA,NA,0,0,0
"3848","VCT",2019,NA,13.4,9.1,14.6,NA,NA,NA,NA,NA
"3849","VEN",2000,119,18.4,11.1,21.6,NA,NA,27,1,1
"3850","VEN",2001,123,17.8,10.6,20.9,NA,NA,27,1,1
"3851","VEN",2002,135,17.4,10.1,20.3,NA,NA,27,1,1
"3852","VEN",2003,127,16.9,9.9,19.8,NA,NA,25,1,1
"3853","VEN",2004,119,16.4,10.2,19.1,NA,NA,31,1,1
"3854","VEN",2005,113,15.8,10.6,18.5,NA,NA,30,1,1
"3855","VEN",2006,114,15.4,10.5,17.9,NA,NA,22,0,1
"3856","VEN",2007,114,15,10.2,17.4,NA,NA,16,0,0
"3857","VEN",2008,116,14.7,10.1,17.2,NA,NA,27,1,0
"3858","VEN",2009,119,14.6,10.2,17,0,1,25,1,1
"3859","VEN",2010,117,14.7,10.5,17.1,NA,NA,22,0,1
"3860","VEN",2011,116,14.7,10.9,17.2,NA,NA,10,0,0
"3861","VEN",2012,116,14.9,11.3,17.3,NA,NA,33,1,0
"3862","VEN",2013,115,15.1,11.5,17.6,NA,NA,6,0,1
"3863","VEN",2014,113,15.4,11.3,18,NA,NA,44,1,0
"3864","VEN",2015,115,16.4,14.5,19.1,NA,NA,32,1,1
"3865","VEN",2016,121,21.1,14.6,24.2,NA,NA,59,1,1
"3866","VEN",2017,125,21.1,14.7,24.2,NA,NA,72,1,1
"3867","VEN",2018,NA,21.1,14.6,24.2,NA,NA,78,1,1
"3868","VEN",2019,NA,21.1,14.6,24.2,NA,NA,NA,NA,NA
"3869","VNM",2000,68,23.5,15,29.8,NA,NA,0,0,0
"3870","VNM",2001,65,22.6,14.4,28.5,NA,NA,0,0,0
"3871","VNM",2002,62,21.7,13.8,27.4,0,1,0,0,0
"3872","VNM",2003,59,21,13.3,26.4,NA,NA,0,0,0
"3873","VNM",2004,57,20.4,12.9,25.6,NA,NA,0,0,0
"3874","VNM",2005,54,19.9,12.6,24.9,0,1,0,0,0
"3875","VNM",2006,51,19.4,12.3,24.4,NA,NA,0,0,0
"3876","VNM",2007,49,19.1,12.1,23.9,NA,NA,0,0,0
"3877","VNM",2008,49,18.8,12,23.5,NA,NA,0,0,0
"3878","VNM",2009,48,18.5,11.8,23.2,NA,NA,0,0,0
"3879","VNM",2010,47,18.3,11.7,22.9,NA,NA,0,0,0
"3880","VNM",2011,47,18.1,11.6,22.7,NA,NA,0,0,0
"3881","VNM",2012,46,17.9,11.5,22.4,NA,NA,0,0,0
"3882","VNM",2013,46,17.8,11.3,22.2,NA,NA,0,0,0
"3883","VNM",2014,45,17.6,11.2,22,NA,NA,0,0,0
"3884","VNM",2015,45,17.4,11.1,21.8,0,1,0,0,0
"3885","VNM",2016,44,17.3,10.9,21.6,NA,NA,0,0,0
"3886","VNM",2017,43,17.1,10.7,21.4,NA,NA,0,0,0
"3887","VNM",2018,NA,17,10.5,21.3,NA,NA,0,0,0
"3888","VNM",2019,NA,16.9,10.2,21.1,0,1,NA,NA,NA
"3889","VUT",2000,140,23.9,12,28.5,NA,NA,0,0,0
"3890","VUT",2001,135,23.7,11.9,28.3,NA,NA,0,0,0
"3891","VUT",2002,128,23.6,11.8,28.1,1,0,0,0,0
"3892","VUT",2002,128,23.6,11.8,28.1,1,0,0,0,0
"3893","VUT",2003,123,23.5,11.9,28.1,NA,NA,0,0,0
"3894","VUT",2004,119,23.6,12,28.1,NA,NA,0,0,0
"3895","VUT",2005,113,23.6,12.1,28.2,NA,NA,0,0,0
"3896","VUT",2006,108,23.8,12.2,28.4,NA,NA,0,0,0
"3897","VUT",2007,103,23.9,12.3,28.6,NA,NA,0,0,0
"3898","VUT",2008,99,24.1,12.3,28.8,NA,NA,0,0,0
"3899","VUT",2009,96,24.2,12.4,29,NA,NA,0,0,0
"3900","VUT",2010,92,24.3,12.4,29.1,NA,NA,0,0,0
"3901","VUT",2011,88,24.5,12.5,29.3,NA,NA,0,0,0
"3902","VUT",2012,85,24.5,12.5,29.3,NA,NA,0,0,0
"3903","VUT",2013,82,24.3,12.4,29.1,NA,NA,0,0,0
"3904","VUT",2014,80,24.1,12.2,28.8,NA,NA,0,0,0
"3905","VUT",2015,76,23.6,12,28.2,NA,NA,0,0,0
"3906","VUT",2016,74,23.2,11.7,27.6,NA,NA,0,0,0
"3907","VUT",2017,72,22.7,11.5,26.9,NA,NA,0,0,0
"3908","VUT",2018,NA,22.2,11.1,26.3,NA,NA,0,0,0
"3909","VUT",2019,NA,21.6,10.9,25.6,NA,NA,NA,NA,NA
"3910","WSM",2000,88,18.1,8.7,21.2,NA,NA,0,0,0
"3911","WSM",2001,85,17.6,8.4,20.6,NA,NA,0,0,0
"3912","WSM",2002,84,17.1,8.2,20.1,NA,NA,0,0,0
"3913","WSM",2003,80,16.8,8,19.7,NA,NA,0,0,0
"3914","WSM",2004,74,16.6,7.8,19.4,NA,NA,0,0,0
"3915","WSM",2005,72,16.5,7.8,19.3,NA,NA,0,0,0
"3916","WSM",2006,66,16.5,7.7,19.3,NA,NA,0,0,0
"3917","WSM",2007,62,16.5,7.7,19.3,NA,NA,0,0,0
"3918","WSM",2008,60,16.5,7.8,19.3,NA,NA,0,0,0
"3919","WSM",2009,58,18.8,7.9,25.7,1,0,0,0,0
"3920","WSM",2010,58,16.6,7.8,19.3,NA,NA,0,0,0
"3921","WSM",2011,54,16.5,7.8,19.2,NA,NA,0,0,0
"3922","WSM",2012,52,16.4,7.7,19.1,NA,NA,0,0,0
"3923","WSM",2013,48,16.2,7.6,18.9,NA,NA,0,0,0
"3924","WSM",2014,47,16.1,7.5,18.7,NA,NA,0,0,0
"3925","WSM",2015,45,15.9,7.4,18.6,0,1,0,0,0
"3926","WSM",2016,44,15.7,7.3,18.4,NA,NA,0,0,0
"3927","WSM",2017,43,15.5,7.2,18.1,NA,NA,0,0,0
"3928","WSM",2018,NA,15.3,7,17.8,NA,NA,0,0,0
"3929","WSM",2019,NA,15,6.9,17.4,NA,NA,NA,NA,NA
"3930","YEM",2000,301,68.8,37,95,NA,NA,0,0,0
"3931","YEM",2001,290,65.8,36,90.3,NA,NA,0,0,0
"3932","YEM",2002,278,62.8,35,85.7,NA,NA,0,0,0
"3933","YEM",2003,266,60,34,81.2,NA,NA,6,0,0
"3934","YEM",2004,254,57.3,32.9,76.9,NA,NA,28,1,0
"3935","YEM",2005,242,54.8,32,73,NA,NA,0,0,1
"3936","YEM",2006,230,52.3,31,69.1,NA,NA,0,0,0
"3937","YEM",2007,219,50,30,65.6,NA,NA,0,0,0
"3938","YEM",2008,208,48,29.1,62.4,NA,NA,21,0,0
"3939","YEM",2009,200,46.4,28.5,60.1,NA,NA,94,1,0
"3940","YEM",2010,192,45.5,28.1,58.8,NA,NA,201,1,1
"3941","YEM",2011,187,45.3,28,58.5,NA,NA,1317,1,1
"3942","YEM",2012,184,45.4,28,58.8,NA,NA,2345,1,1
"3943","YEM",2013,175,45.2,28.1,58.4,NA,NA,582,1,1
"3944","YEM",2014,174,45.4,28.1,58.7,NA,NA,2120,1,1
"3945","YEM",2015,169,46.1,28.2,60.7,NA,NA,7239,1,1
"3946","YEM",2016,165,46,28.2,60.3,NA,NA,3948,1,1
"3947","YEM",2017,164,45.9,28.2,60.2,NA,NA,3493,1,1
"3948","YEM",2018,NA,46.5,28.2,61.6,NA,NA,4840,1,1
"3949","YEM",2019,NA,46.4,28.2,61.5,NA,NA,NA,NA,NA
"3950","ZAF",2000,160,47.7,16.9,71.5,NA,NA,0,0,0
"3951","ZAF",2001,168,47.8,16.4,73.1,NA,NA,0,0,0
"3952","ZAF",2002,177,47.9,15.9,74.3,NA,NA,2,0,0
"3953","ZAF",2003,186,48.4,15.4,75.7,NA,NA,0,0,0
"3954","ZAF",2004,195,49.4,14.8,77.7,0,1,0,0,0
"3955","ZAF",2005,201,49.4,14.4,78.8,1,0,0,0,0
"3956","ZAF",2006,201,48.7,13.9,79.2,NA,NA,0,0,0
"3957","ZAF",2007,199,46.6,13.4,75.3,NA,NA,0,0,0
"3958","ZAF",2008,191,43,13,68.9,NA,NA,0,0,0
"3959","ZAF",2009,179,38.4,12.5,60.3,NA,NA,0,0,0
"3960","ZAF",2010,171,34.4,12,52,NA,NA,1,0,0
"3961","ZAF",2011,161,32.1,11.6,45.6,NA,NA,0,0,0
"3962","ZAF",2012,143,31,11.3,41.5,NA,NA,0,0,0
"3963","ZAF",2013,133,30.1,11.1,39.3,NA,NA,0,0,0
"3964","ZAF",2014,128,29.4,11,37.6,1,0,0,0,0
"3965","ZAF",2015,125,28.6,11.1,36.3,0,1,0,0,0
"3966","ZAF",2016,122,28,11.1,35.2,NA,NA,3,0,0
"3967","ZAF",2017,119,27.6,11.1,34.6,0,1,0,0,0
"3968","ZAF",2018,NA,26.9,11,33.9,NA,NA,1,0,0
"3969","ZAF",2019,NA,26.3,10.8,33,0,1,NA,NA,NA
"3970","ZMB",2000,528,90.2,34.3,155.9,NA,NA,1,0,0
"3971","ZMB",2001,491,85.3,33.3,146.9,NA,NA,7,0,0
"3972","ZMB",2002,465,79.2,31.9,136.1,NA,NA,0,0,0
"3973","ZMB",2003,453,73.2,30.5,125.4,NA,NA,0,0,0
"3974","ZMB",2004,437,67.1,29.1,115.2,NA,NA,0,0,0
"3975","ZMB",2005,421,61.9,27.9,106.2,0,1,0,0,0
"3976","ZMB",2006,406,58.4,27.1,98.5,NA,NA,0,0,0
"3977","ZMB",2007,387,56.7,26.6,93.2,NA,NA,0,0,0
"3978","ZMB",2008,356,54.5,26.3,88.7,NA,NA,0,0,0
"3979","ZMB",2009,329,52.9,26.1,83.6,NA,NA,0,0,0
"3980","ZMB",2010,305,51.2,26,79,NA,NA,0,0,0
"3981","ZMB",2011,283,50.1,25.8,76.8,NA,NA,0,0,0
"3982","ZMB",2012,267,49.1,25.6,74.7,NA,NA,0,0,0
"3983","ZMB",2013,254,46.6,25.5,71.1,NA,NA,0,0,0
"3984","ZMB",2014,242,46,25.4,68.3,NA,NA,0,0,0
"3985","ZMB",2015,232,46.9,25.3,67.7,NA,NA,0,0,0
"3986","ZMB",2016,222,45.6,25.2,65.3,NA,NA,0,0,0
"3987","ZMB",2017,213,44.3,25,64.6,NA,NA,0,0,0
"3988","ZMB",2018,NA,43.9,24.7,65.4,NA,NA,0,0,0
"3989","ZMB",2019,NA,42.9,24.4,64.1,0,1,NA,NA,NA
"3990","ZWE",2000,579,51.9,24.6,95.5,NA,NA,0,0,0
"3991","ZWE",2001,629,51.1,25.2,93.8,0,1,0,0,0
"3992","ZWE",2002,666,50.7,26.1,92.6,NA,NA,0,0,0
"3993","ZWE",2003,680,50.4,27.2,91.6,NA,NA,0,0,0
"3994","ZWE",2004,686,51.2,28.2,92.4,NA,NA,0,0,0
"3995","ZWE",2005,685,51.7,29.1,93.1,NA,NA,0,0,0
"3996","ZWE",2006,680,53.4,30,95,NA,NA,0,0,0
"3997","ZWE",2007,671,54.6,30.7,95.7,0,1,0,0,0
"3998","ZWE",2008,657,54.5,31.2,94.5,NA,NA,253,1,0
"3999","ZWE",2009,632,54,31.2,91.3,NA,NA,0,0,1
"4000","ZWE",2010,598,52.1,30.8,86.4,0,1,0,0,0
"4001","ZWE",2011,557,50.8,30.1,80.8,NA,NA,1,0,0
"4002","ZWE",2012,528,46.5,29.4,72.2,NA,NA,1,0,0
"4003","ZWE",2013,509,44.8,28.7,66.3,0,1,0,0,0
"4004","ZWE",2014,494,42.9,28.2,62.7,NA,NA,0,0,0
"4005","ZWE",2015,480,42.1,27.8,61.3,NA,NA,0,0,0
"4006","ZWE",2016,468,40.8,27.4,58.7,NA,NA,0,0,0
"4007","ZWE",2017,458,39.9,27,57,0,1,0,0,0
"4008","ZWE",2018,NA,38.8,26.6,54.8,NA,NA,4,0,0
"4009","ZWE",2019,NA,38.1,26.2,54.2,NA,NA,NA,NA,NA
"4010","TWN",2002,NA,NA,NA,NA,1,0,NA,NA,NA
"4011","SCG",2002,NA,NA,NA,NA,1,0,NA,NA,NA
"4012","GLP",2004,NA,NA,NA,NA,1,0,NA,NA,NA
"4013","TWN",2006,NA,NA,NA,NA,1,0,NA,NA,NA
"4014","MTQ",2007,NA,NA,NA,NA,1,0,NA,NA,NA
"4015","ASM",2009,NA,NA,NA,NA,1,0,NA,NA,NA
"4016","TWN",2010,NA,NA,NA,NA,1,0,NA,NA,NA
"4017","TUV",2011,NA,NA,NA,NA,0,1,NA,NA,NA
"4018","TWN",2013,NA,NA,NA,NA,1,0,NA,NA,NA
"4019","TWN",2013,NA,NA,NA,NA,1,0,NA,NA,NA
"4020","TWN",2016,NA,NA,NA,NA,1,0,NA,NA,NA
"4021","TWN",2018,NA,NA,NA,NA,1,0,NA,NA,NA
"4022","PLW",2015,NA,NA,NA,NA,0,1,NA,NA,NA
"4023","AFG",1999,NA,NA,NA,NA,NA,NA,5065,1,NA
"4024","AGO",1999,NA,NA,NA,NA,NA,NA,2666,1,NA
"4025","ALB",1999,NA,NA,NA,NA,NA,NA,6,0,NA
"4026","AND",1999,NA,NA,NA,NA,NA,NA,0,0,NA
"4027","ARE",1999,NA,NA,NA,NA,NA,NA,0,0,NA
"4028","ARG",1999,NA,NA,NA,NA,NA,NA,0,0,NA
"4029","ARM",1999,NA,NA,NA,NA,NA,NA,0,0,NA
"4030","ATG",1999,NA,NA,NA,NA,NA,NA,0,0,NA
"4031","AUS",1999,NA,NA,NA,NA,NA,NA,0,0,NA
"4032","AUT",1999,NA,NA,NA,NA,NA,NA,0,0,NA
"4033","AZE",1999,NA,NA,NA,NA,NA,NA,18,0,NA
"4034","BDI",1999,NA,NA,NA,NA,NA,NA,1009,1,NA
"4035","BEL",1999,NA,NA,NA,NA,NA,NA,0,0,NA
"4036","BEN",1999,NA,NA,NA,NA,NA,NA,0,0,NA
"4037","BFA",1999,NA,NA,NA,NA,NA,NA,0,0,NA
"4038","BGD",1999,NA,NA,NA,NA,NA,NA,14,0,NA
"4039","BGR",1999,NA,NA,NA,NA,NA,NA,0,0,NA
"4040","BHR",1999,NA,NA,NA,NA,NA,NA,0,0,NA
"4041","BHS",1999,NA,NA,NA,NA,NA,NA,0,0,NA
"4042","BIH",1999,NA,NA,NA,NA,NA,NA,0,0,NA
"4043","BLR",1999,NA,NA,NA,NA,NA,NA,0,0,NA
"4044","BLZ",1999,NA,NA,NA,NA,NA,NA,0,0,NA
"4045","BOL",1999,NA,NA,NA,NA,NA,NA,0,0,NA
"4046","BRA",1999,NA,NA,NA,NA,NA,NA,62,1,NA
"4047","BRB",1999,NA,NA,NA,NA,NA,NA,0,0,NA
"4048","BRN",1999,NA,NA,NA,NA,NA,NA,0,0,NA
"4049","BTN",1999,NA,NA,NA,NA,NA,NA,0,0,NA
"4050","BWA",1999,NA,NA,NA,NA,NA,NA,0,0,NA
"4051","CAF",1999,NA,NA,NA,NA,NA,NA,5,0,NA
"4052","CAN",1999,NA,NA,NA,NA,NA,NA,11,0,NA
"4053","CHE",1999,NA,NA,NA,NA,NA,NA,0,0,NA
"4054","CHL",1999,NA,NA,NA,NA,NA,NA,0,0,NA
"4055","CHN",1999,NA,NA,NA,NA,NA,NA,0,0,NA
"4056","CIV",1999,NA,NA,NA,NA,NA,NA,0,0,NA
"4057","CMR",1999,NA,NA,NA,NA,NA,NA,0,0,NA
"4058","COD",1999,NA,NA,NA,NA,NA,NA,7541,1,NA
"4059","COG",1999,NA,NA,NA,NA,NA,NA,948,1,NA
"4060","COL",1999,NA,NA,NA,NA,NA,NA,2093,1,NA
"4061","COM",1999,NA,NA,NA,NA,NA,NA,0,0,NA
"4062","CPV",1999,NA,NA,NA,NA,NA,NA,0,0,NA
"4063","CRI",1999,NA,NA,NA,NA,NA,NA,0,0,NA
"4064","CUB",1999,NA,NA,NA,NA,NA,NA,0,0,NA
"4065","CYP",1999,NA,NA,NA,NA,NA,NA,0,0,NA
"4066","CZE",1999,NA,NA,NA,NA,NA,NA,0,0,NA
"4067","DEU",1999,NA,NA,NA,NA,NA,NA,0,0,NA
"4068","DJI",1999,NA,NA,NA,NA,NA,NA,25,1,NA
"4069","DMA",1999,NA,NA,NA,NA,NA,NA,0,0,NA
"4070","DNK",1999,NA,NA,NA,NA,NA,NA,0,0,NA
"4071","DOM",1999,NA,NA,NA,NA,NA,NA,0,0,NA
"4072","DZA",1999,NA,NA,NA,NA,NA,NA,1168,1,NA
"4073","ECU",1999,NA,NA,NA,NA,NA,NA,0,0,NA
"4074","EGY",1999,NA,NA,NA,NA,NA,NA,4,0,NA
"4075","ERI",1999,NA,NA,NA,NA,NA,NA,17203,1,NA
"4076","ESP",1999,NA,NA,NA,NA,NA,NA,0,0,NA
"4077","EST",1999,NA,NA,NA,NA,NA,NA,0,0,NA
"4078","ETH",1999,NA,NA,NA,NA,NA,NA,30786,1,NA
"4079","FIN",1999,NA,NA,NA,NA,NA,NA,0,0,NA
"4080","FJI",1999,NA,NA,NA,NA,NA,NA,0,0,NA
"4081","FRA",1999,NA,NA,NA,NA,NA,NA,0,0,NA
"4082","FSM",1999,NA,NA,NA,NA,NA,NA,0,0,NA
"4083","GAB",1999,NA,NA,NA,NA,NA,NA,0,0,NA
"4084","GBR",1999,NA,NA,NA,NA,NA,NA,0,0,NA
"4085","GEO",1999,NA,NA,NA,NA,NA,NA,0,0,NA
"4086","GHA",1999,NA,NA,NA,NA,NA,NA,0,0,NA
"4087","GIN",1999,NA,NA,NA,NA,NA,NA,13,0,NA
"4088","GMB",1999,NA,NA,NA,NA,NA,NA,0,0,NA
"4089","GNB",1999,NA,NA,NA,NA,NA,NA,199,1,NA
"4090","GNQ",1999,NA,NA,NA,NA,NA,NA,0,0,NA
"4091","GRC",1999,NA,NA,NA,NA,NA,NA,0,0,NA
"4092","GRD",1999,NA,NA,NA,NA,NA,NA,0,0,NA
"4093","GTM",1999,NA,NA,NA,NA,NA,NA,0,0,NA
"4094","GUY",1999,NA,NA,NA,NA,NA,NA,0,0,NA
"4095","HND",1999,NA,NA,NA,NA,NA,NA,9,0,NA
"4096","HRV",1999,NA,NA,NA,NA,NA,NA,0,0,NA
"4097","HTI",1999,NA,NA,NA,NA,NA,NA,11,0,NA
"4098","HUN",1999,NA,NA,NA,NA,NA,NA,0,0,NA
"4099","IDN",1999,NA,NA,NA,NA,NA,NA,1805,1,NA
"4100","IND",1999,NA,NA,NA,NA,NA,NA,2563,1,NA
"4101","IRL",1999,NA,NA,NA,NA,NA,NA,0,0,NA
"4102","IRN",1999,NA,NA,NA,NA,NA,NA,19,0,NA
"4103","IRQ",1999,NA,NA,NA,NA,NA,NA,308,1,NA
"4104","ISL",1999,NA,NA,NA,NA,NA,NA,0,0,NA
"4105","ITA",1999,NA,NA,NA,NA,NA,NA,0,0,NA
"4106","JAM",1999,NA,NA,NA,NA,NA,NA,0,0,NA
"4107","JOR",1999,NA,NA,NA,NA,NA,NA,0,0,NA
"4108","JPN",1999,NA,NA,NA,NA,NA,NA,0,0,NA
"4109","KAZ",1999,NA,NA,NA,NA,NA,NA,0,0,NA
"4110","KEN",1999,NA,NA,NA,NA,NA,NA,229,1,NA
"4111","KGZ",1999,NA,NA,NA,NA,NA,NA,14,0,NA
"4112","KHM",1999,NA,NA,NA,NA,NA,NA,0,0,NA
"4113","KIR",1999,NA,NA,NA,NA,NA,NA,0,0,NA
"4114","KOR",1999,NA,NA,NA,NA,NA,NA,0,0,NA
"4115","KWT",1999,NA,NA,NA,NA,NA,NA,0,0,NA
"4116","LAO",1999,NA,NA,NA,NA,NA,NA,2,0,NA
"4117","LBN",1999,NA,NA,NA,NA,NA,NA,74,1,NA
"4118","LBR",1999,NA,NA,NA,NA,NA,NA,70,1,NA
"4119","LBY",1999,NA,NA,NA,NA,NA,NA,0,0,NA
"4120","LCA",1999,NA,NA,NA,NA,NA,NA,0,0,NA
"4121","LKA",1999,NA,NA,NA,NA,NA,NA,1948,1,NA
"4122","LSO",1999,NA,NA,NA,NA,NA,NA,0,0,NA
"4123","LTU",1999,NA,NA,NA,NA,NA,NA,0,0,NA
"4124","LUX",1999,NA,NA,NA,NA,NA,NA,0,0,NA
"4125","LVA",1999,NA,NA,NA,NA,NA,NA,0,0,NA
"4126","MAR",1999,NA,NA,NA,NA,NA,NA,0,0,NA
"4127","MDA",1999,NA,NA,NA,NA,NA,NA,0,0,NA
"4128","MDG",1999,NA,NA,NA,NA,NA,NA,0,0,NA
"4129","MDV",1999,NA,NA,NA,NA,NA,NA,0,0,NA
"4130","MEX",1999,NA,NA,NA,NA,NA,NA,0,0,NA
"4131","MHL",1999,NA,NA,NA,NA,NA,NA,0,0,NA
"4132","MKD",1999,NA,NA,NA,NA,NA,NA,6,0,NA
"4133","MLI",1999,NA,NA,NA,NA,NA,NA,59,1,NA
"4134","MLT",1999,NA,NA,NA,NA,NA,NA,0,0,NA
"4135","MMR",1999,NA,NA,NA,NA,NA,NA,369,1,NA
"4136","MNE",1999,NA,NA,NA,NA,NA,NA,0,0,NA
"4137","MNG",1999,NA,NA,NA,NA,NA,NA,0,0,NA
"4138","MOZ",1999,NA,NA,NA,NA,NA,NA,0,0,NA
"4139","MRT",1999,NA,NA,NA,NA,NA,NA,0,0,NA
"4140","MUS",1999,NA,NA,NA,NA,NA,NA,0,0,NA
"4141","MWI",1999,NA,NA,NA,NA,NA,NA,0,0,NA
"4142","MYS",1999,NA,NA,NA,NA,NA,NA,0,0,NA
"4143","NAM",1999,NA,NA,NA,NA,NA,NA,1,0,NA
"4144","NER",1999,NA,NA,NA,NA,NA,NA,0,0,NA
"4145","NGA",1999,NA,NA,NA,NA,NA,NA,3519,1,NA
"4146","NIC",1999,NA,NA,NA,NA,NA,NA,0,0,NA
"4147","NLD",1999,NA,NA,NA,NA,NA,NA,0,0,NA
"4148","NOR",1999,NA,NA,NA,NA,NA,NA,0,0,NA
"4149","NPL",1999,NA,NA,NA,NA,NA,NA,295,1,NA
"4150","NZL",1999,NA,NA,NA,NA,NA,NA,0,0,NA
"4151","OMN",1999,NA,NA,NA,NA,NA,NA,0,0,NA
"4152","PAK",1999,NA,NA,NA,NA,NA,NA,57,1,NA
"4153","PAN",1999,NA,NA,NA,NA,NA,NA,0,0,NA
"4154","PER",1999,NA,NA,NA,NA,NA,NA,89,1,NA
"4155","PHL",1999,NA,NA,NA,NA,NA,NA,219,1,NA
"4156","PNG",1999,NA,NA,NA,NA,NA,NA,60,1,NA
"4157","POL",1999,NA,NA,NA,NA,NA,NA,0,0,NA
"4158","PRI",1999,NA,NA,NA,NA,NA,NA,0,0,NA
"4159","PRK",1999,NA,NA,NA,NA,NA,NA,0,0,NA
"4160","PRT",1999,NA,NA,NA,NA,NA,NA,0,0,NA
"4161","PRY",1999,NA,NA,NA,NA,NA,NA,0,0,NA
"4162","QAT",1999,NA,NA,NA,NA,NA,NA,0,0,NA
"4163","ROU",1999,NA,NA,NA,NA,NA,NA,0,0,NA
"4164","RUS",1999,NA,NA,NA,NA,NA,NA,6197,1,NA
"4165","RWA",1999,NA,NA,NA,NA,NA,NA,29,1,NA
"4166","SAU",1999,NA,NA,NA,NA,NA,NA,0,0,NA
"4167","SDN",1999,NA,NA,NA,NA,NA,NA,2067,1,NA
"4168","SEN",1999,NA,NA,NA,NA,NA,NA,31,1,NA
"4169","SGP",1999,NA,NA,NA,NA,NA,NA,0,0,NA
"4170","SLB",1999,NA,NA,NA,NA,NA,NA,0,0,NA
"4171","SLE",1999,NA,NA,NA,NA,NA,NA,4493,1,NA
"4172","SLV",1999,NA,NA,NA,NA,NA,NA,0,0,NA
"4173","SOM",1999,NA,NA,NA,NA,NA,NA,542,1,NA
"4174","SRB",1999,NA,NA,NA,NA,NA,NA,2173,1,NA
"4175","SSD",1999,NA,NA,NA,NA,NA,NA,0,0,NA
"4176","STP",1999,NA,NA,NA,NA,NA,NA,0,0,NA
"4177","SUR",1999,NA,NA,NA,NA,NA,NA,0,0,NA
"4178","SVK",1999,NA,NA,NA,NA,NA,NA,0,0,NA
"4179","SVN",1999,NA,NA,NA,NA,NA,NA,0,0,NA
"4180","SWE",1999,NA,NA,NA,NA,NA,NA,0,0,NA
"4181","SWZ",1999,NA,NA,NA,NA,NA,NA,0,0,NA
"4182","SYC",1999,NA,NA,NA,NA,NA,NA,0,0,NA
"4183","SYR",1999,NA,NA,NA,NA,NA,NA,0,0,NA
"4184","TCD",1999,NA,NA,NA,NA,NA,NA,394,1,NA
"4185","TGO",1999,NA,NA,NA,NA,NA,NA,0,0,NA
"4186","THA",1999,NA,NA,NA,NA,NA,NA,1,0,NA
"4187","TJK",1999,NA,NA,NA,NA,NA,NA,4,0,NA
"4188","TKM",1999,NA,NA,NA,NA,NA,NA,0,0,NA
"4189","TLS",1999,NA,NA,NA,NA,NA,NA,0,0,NA
"4190","TON",1999,NA,NA,NA,NA,NA,NA,0,0,NA
"4191","TTO",1999,NA,NA,NA,NA,NA,NA,0,0,NA
"4192","TUN",1999,NA,NA,NA,NA,NA,NA,0,0,NA
"4193","TUR",1999,NA,NA,NA,NA,NA,NA,1195,1,NA
"4194","TZA",1999,NA,NA,NA,NA,NA,NA,0,0,NA
"4195","UGA",1999,NA,NA,NA,NA,NA,NA,1024,1,NA
"4196","UKR",1999,NA,NA,NA,NA,NA,NA,0,0,NA
"4197","URY",1999,NA,NA,NA,NA,NA,NA,0,0,NA
"4198","USA",1999,NA,NA,NA,NA,NA,NA,0,0,NA
"4199","UZB",1999,NA,NA,NA,NA,NA,NA,50,1,NA
"4200","VCT",1999,NA,NA,NA,NA,NA,NA,0,0,NA
"4201","VEN",1999,NA,NA,NA,NA,NA,NA,26,1,NA
"4202","VNM",1999,NA,NA,NA,NA,NA,NA,0,0,NA
"4203","VUT",1999,NA,NA,NA,NA,NA,NA,0,0,NA
"4204","WSM",1999,NA,NA,NA,NA,NA,NA,0,0,NA
"4205","YEM",1999,NA,NA,NA,NA,NA,NA,0,0,NA
"4206","ZAF",1999,NA,NA,NA,NA,NA,NA,19,0,NA
"4207","ZMB",1999,NA,NA,NA,NA,NA,NA,0,0,NA
"4208","ZWE",1999,NA,NA,NA,NA,NA,NA,1,0,NA
